feno,phenotype (spanish),case_v,case_nv,ctrl_v,ctrl_nv,fisher_pval,fisher_qval,Logitconst_beta,Logitconst_pval,Logitconst_qval,LogitEBVpres_beta,LogitEBVpres_pval,LogitEBVpres_qval,Logitsex_beta,Logitsex_pval,Logitsex_qval,Logitage_beta,Logitage_pval,Logitage_qval,Logitsocio_beta,Logitsocio_pval,Logitsocio_qval,Controls EBVpos,Cases EBVpos,Dif Cases-Controls
MEDICAL_RECORD.ACNE_PLACES.INCLUDES_FACE,HISTORIA_MEDICA.ACNE_LUGARES.INC_CARA,19,553,56,495,0.00000777,0.00353,0.969,0.00000115,0.00000263,-1.049,0.000159,0.182,0.434,0.00144,0.00588,-0.021,0.000000144,0.000000784,0.101,0.0376,0.133,10.16%,3.32%,-0.068
MEDICAL_RECORD.ACNE_PLACES.N,HISTORIA_MEDICA.ACNE_LUGARES.N,51,455,24,588,0.00007,0.0109,-1.223,0.00000000187,0.00000000604,0.847,0.00124,0.357,-0.53,0.000144,0.000677,0.023,0.00000000489,0.0000000328,-0.133,0.00713,0.036,3.92%,10.08%,0.062
MEDICAL_RECORD.ACNE_PLACES.C,HISTORIA_MEDICA.ACNE_LUGARES.C,19,519,56,524,0.0000719,0.0109,0.555,0.00454,0.00646,-0.962,0.000491,0.282,0.361,0.00727,0.0253,-0.014,0.000245,0.000696,0.074,0.122,0.316,9.66%,3.53%,-0.061
PERC_PHYSICAL.GRAYWHITE_HAIR.above_2,PERC_FISICA.CANAS.above_2,32,267,43,778,0.00192,0.187,-8.291,0,0,0.348,0.258,1,0.529,0.00397,0.015,0.129,0,0,0.108,0.0971,0.266,5.24%,10.70%,0.055
FRACTURES.FALL_FRACTURES_5,FRACTURAS.FRACTURAS_CAIDAS_5,0,64,6,32,0.00205,0.187,0.732,0.348,0.387,-27.605,1,1,-0.262,0.552,0.731,0.001,0.93,0.955,0.072,0.695,0.86,15.79%,0.00%,-0.158
PERC_PHYSICAL.GRAYWHITE_HAIR.above_1,PERC_FISICA.CANAS.above_1,50,505,25,540,0.00319,0.242,-6.557,0,0,0.133,0.684,1,-0.034,0.852,0.925,0.133,0,0,0.006,0.933,0.974,4.42%,9.01%,0.046
REPRODUCTIVE_HEALTH.MENOPAUSE,SALUD_REPRODUCTIVA.MENOPAUSIA,35,339,17,390,0.00582,0.378,-12.726,9.53E-36,7.81E-34,0.275,0.576,1,,,,0.26,2.53E-37,3.23E-35,0.117,0.274,0.533,4.18%,9.36%,0.052
INBODY.BFM_PC__of_Right_Leg.above_215.15,INBODY.BFM_PC__of_Right_Leg.above_215·15,48,494,26,521,0.0102,0.493,-0.77,0.000114,0.000203,0.556,0.0288,0.916,-0.026,0.85,0.924,0.015,0.00014,0.000419,0.072,0.136,0.341,4.75%,8.86%,0.041
INBODY.InBody_Score.above_67,INBODY.InBody_Score.above_67,9,255,65,760,0.011,0.493,-0.129,0.567,0.606,-0.678,0.068,1,0.968,2.95E-10,0.00000000228,-0.028,0.00000000441,0.0000000298,-0.053,0.366,0.627,7.88%,3.41%,-0.045
MEDICAL_RECORD.PERIPHERAL__ARTERIAL_DIS,HISTORIA_MEDICA.ENF_ARTERIAL_PERIF,14,96,61,952,0.0133,0.493,-4.698,7.95E-28,3.14E-26,0.53,0.105,1,-0.638,0.00901,0.0302,0.049,4.14E-11,3.57E-10,0.01,0.895,0.959,6.02%,12.73%,0.067
DISEASE_FAMILY_MEMBERS.SIBLINGS_INFARCTION,ENFERMEDAD_FAMILIARES.HERMANOS_INFARTO,7,34,65,975,0.0156,0.493,-5.316,9.75E-17,8.49E-16,0.947,0.0337,0.916,-0.478,0.206,0.368,0.039,0.000431,0.00118,0.283,0.0135,0.059,6.25%,17.07%,0.108
REPRODUCTIVE_HEALTH.LACTATION,SALUD_REPRODUCTIVA.LACTANCIA,40,587,13,80,0.0161,0.493,2.39,8.02E-10,0.00000000272,-0.808,0.0192,0.882,,,,-0.008,0.273,0.365,0.025,0.781,0.909,13.98%,6.38%,-0.076
REPRODUCTIVE_HEALTH.LACTATION_MONTHS.above_15,SALUD_REPRODUCTIVA.LACTANCIA_MESES.above_15,17,142,23,446,0.0166,0.493,-0.576,0.0561,0.0703,0.912,0.00723,0.882,,,,-0.012,0.0525,0.0919,-0.156,0.0519,0.171,4.90%,10.69%,0.058
INBODY.BFM_PC__of_Left_Leg.above_214.25,INBODY.BFM_PC__of_Left_Leg.above_214·25,47,493,27,522,0.0182,0.493,-0.76,0.000136,0.000239,0.502,0.0468,1,-0.032,0.812,0.903,0.015,0.000175,0.000513,0.068,0.156,0.375,4.92%,8.70%,0.038
REPRODUCTIVE_HEALTH.DEAD_BORN_CHILDREN.above_1,SALUD_REPRODUCTIVA.HIJOS_NACIDOS_MUERTOS.above_1,4,12,49,718,0.0185,0.493,-4.236,0.000000571,0.00000138,1.487,0.0157,0.882,,,,0.001,0.934,0.959,-0.419,0.0629,0.195,6.39%,25.00%,0.186
MEDICAL_RECORD.FOLLOW_TREATS_WEIGHT,HISTORIA_MEDICA.SIGUIO_TRAT_PESO,11,290,64,758,0.0203,0.493,-0.577,0.00815,0.0113,-0.73,0.031,0.916,-0.595,0.000239,0.0011,-0.006,0.178,0.255,0.276,0.000000443,0.0000154,7.79%,3.65%,-0.041
INBODY.FFM_PC__of_Left_Leg.above_85.1,INBODY.FFM_PC__of_Left_Leg.above_85·1,27,517,47,498,0.0226,0.493,2.043,1.65E-20,2.37E-19,-0.253,0.338,1,0.593,0.0000449,0.000223,-0.045,6.24E-25,2.75E-23,0.046,0.366,0.627,8.62%,4.96%,-0.037
ANTHROPOMETRY.HEIGHT.above_156.7,ANTROPOMETRIA.ESTATURA.above_156·7,27,520,48,515,0.0237,0.493,1.186,0.00000206,0.00000453,-0.614,0.0861,1,4.23,0,0,-0.045,1.26E-16,2.26E-15,0.194,0.00262,0.0171,8.53%,4.94%,-0.036
REPRODUCTIVE_HEALTH.BIRTHS.above_4,SALUD_REPRODUCTIVA.PARTOS.above_4,11,72,42,658,0.0241,0.493,-7.472,1.85E-27,6.83E-26,0.394,0.333,1,,,,0.095,9.34E-18,1.95E-16,-0.199,0.0457,0.156,6.00%,13.25%,0.073
REPRODUCTIVE_HEALTH.MENSTRUAL_DAYS.above_3,SALUD_REPRODUCTIVA.DIAS_MENSTRUALES.above_3,32,549,21,180,0.0252,0.493,2.556,4.81E-18,5.01E-17,-0.501,0.0964,1,,,,-0.03,0.000000116,0.000000642,-0.042,0.527,0.747,10.45%,5.51%,-0.049
PERC_PHYSICAL.GRAY_HAIRS_AGE.above_50,PERC_FISICA.CANAS_EDAD.above_50,14,89,47,645,0.0264,0.493,-8.245,1.93E-27,6.94E-26,0.53,0.14,1,-0.022,0.929,0.979,0.103,9.28E-19,2.09E-17,0.098,0.223,0.473,6.79%,13.59%,0.068
INBODY.WHR_Waist_Hip_Ratio.above_0.93,INBODY.WHR_Waist_Hip_Ratio.above_0·93,61,707,13,308,0.0281,0.493,0.424,0.0466,0.0588,0.614,0.0537,1,-0.707,0.000000813,0.00000473,0.013,0.00176,0.00424,0.008,0.886,0.959,4.05%,7.94%,0.039
INBODY.Height.above_156.5,INBODY.Height.above_156·5,27,511,47,504,0.0291,0.493,1.268,0.000000543,0.00000132,-0.561,0.115,1,4.123,0,0,-0.047,4.57E-17,9.19E-16,0.22,0.000649,0.0061,8.53%,5.02%,-0.035
REPRODUCTIVE_HEALTH.LACTATION_MONTHS.above_8,SALUD_REPRODUCTIVA.LACTANCIA_MESES.above_8,26,270,14,318,0.0296,0.493,0.282,0.293,0.331,0.83,0.0162,0.882,,,,-0.009,0.0881,0.141,-0.13,0.0553,0.179,4.22%,8.78%,0.046
REPRODUCTIVE_HEALTH.MENSTRUAL_DAYS.above_5,SALUD_REPRODUCTIVA.DIAS_MENSTRUALES.above_5,9,229,44,500,0.0299,0.493,0.162,0.512,0.552,-0.675,0.0748,1,,,,-0.02,0.0000835,0.000262,-0.097,0.139,0.346,8.09%,3.78%,-0.043
MEDICAL_RECORD.ACNE_PLACES.E,HISTORIA_MEDICA.ACNE_LUGARES.E,5,22,70,1021,0.0299,0.493,-3.102,0.000000264,0.00000067,1.382,0.00856,0.882,0.211,0.614,0.77,-0.018,0.145,0.216,0.153,0.322,0.585,6.42%,18.52%,0.121
MEDICAL_RECORD.DEPRESSION_ANXIETY,HISTORIA_MEDICA.DEPRESION_ANSIEDAD,5,171,69,877,0.0302,0.493,-1.305,0.000000616,0.00000148,-0.925,0.0509,1,-0.556,0.00538,0.0195,-0.005,0.375,0.469,0.177,0.00594,0.0313,7.29%,2.84%,-0.045
CLINICAL_METABOLIC_TEST.LDL.above_60,METABOLICOS.LDL.above_60,59,687,16,358,0.0303,0.493,0.195,0.336,0.375,0.55,0.0609,1,-0.555,0.0000561,0.000276,0.013,0.00104,0.00264,-0.004,0.942,0.976,4.28%,7.91%,0.036
INBODY.BFM_PC__of_Left_Leg.above_168.03,INBODY.BFM_PC__of_Left_Leg.above_168·03,64,760,10,255,0.0351,0.551,0.477,0.0322,0.0416,0.642,0.067,1,-0.283,0.0654,0.158,0.015,0.00101,0.00257,0.035,0.533,0.75,3.77%,7.77%,0.04
INBODY.FFM_of_Left_Leg.above_5.11,INBODY.FFM_of_Left_Leg.above_5·11,48,775,26,240,0.0375,0.554,2.875,2.66E-23,5.09E-22,-0.275,0.352,1,3.209,9.12E-21,1.33E-19,-0.044,7.99E-16,1.27E-14,0.211,0.00109,0.00907,9.77%,5.83%,-0.039
DISEASE_FAMILY_MEMBERS.FATHER_OTHER_DISEASE,ENFERMEDAD_FAMILIARES.PADRE_OTRA_ENFERMEDAD,2,105,64,814,0.0377,0.554,-2.881,2.38E-16,1.9E-15,-1.453,0.0458,1,-0.182,0.438,0.621,0.017,0.0104,0.0219,0.22,0.00421,0.0243,7.29%,1.87%,-0.054
MEDICAL_RECORD.OTITIS,HISTORIA_MEDICA.OTITIS,15,120,59,924,0.0399,0.568,-1.862,3.78E-10,0.00000000131,0.714,0.0213,0.882,-0.51,0.022,0.0642,-0.002,0.79,0.848,0.14,0.0524,0.172,6.00%,11.11%,0.051
MEDICAL_RECORD.DIABETES,HISTORIA_MEDICA.DIABETES,27,259,48,789,0.0424,0.574,-3.478,7.71E-36,6.8E-34,0.23,0.383,1,-0.308,0.0551,0.138,0.048,1.96E-21,5.92E-20,0.004,0.939,0.975,5.73%,9.44%,0.037
ANTHROPOMETRY.HEIGHT.above_151,ANTROPOMETRIA.ESTATURA.above_151,48,779,27,256,0.0429,0.574,2.617,5.46E-21,8.13E-20,-0.281,0.349,1,4.333,6.84E-17,7.42E-16,-0.042,7.46E-15,9.61E-14,0.256,0.0000944,0.00135,9.54%,5.80%,-0.037
VISUAL_HEALTH.GLASSES_AGE.above_45,SALUD_VISUAL.ANTEOJOS_EDAD.above_45,25,240,16,307,0.05,0.644,-5.373,2.08E-23,4.04E-22,0.025,0.947,1,-0.333,0.132,0.271,0.096,1.88E-23,7.2E-22,-0.226,0.00354,0.021,4.95%,9.43%,0.045
INBODY.Height.above_150.9,INBODY.Height.above_150·9,48,769,26,246,0.051,0.644,2.85,1.1E-22,1.96E-21,-0.229,0.45,1,4.054,5.86E-18,6.84E-17,-0.046,4.06E-16,6.75E-15,0.269,0.0000544,0.00096,9.56%,5.88%,-0.037
INBODY.BFM_PC__of_Left_Arm.above_228.68,INBODY.BFM_PC__of_Left_Arm.above_228·68,63,759,11,256,0.063,0.754,0.084,0.705,0.736,0.464,0.171,1,-0.325,0.0353,0.0968,0.024,0.000000291,0.00000153,0.059,0.304,0.565,4.12%,7.66%,0.035
INBODY.BFM_PC__of_Right_Leg.above_168.5,INBODY.BFM_PC__of_Right_Leg.above_168·5,63,759,11,256,0.063,0.754,0.47,0.0345,0.0445,0.538,0.111,1,-0.244,0.112,0.239,0.015,0.00118,0.00295,0.036,0.523,0.744,4.12%,7.66%,0.035
MEDICAL_RECORD.GAIT_DISTURBANCE,HISTORIA_MEDICA.ALTERACION_MARCHA,12,93,63,952,0.0668,0.77,-4.307,1.22E-25,3.05E-24,0.421,0.217,1,0.018,0.934,0.982,0.038,0.00000013,0.000000712,-0.02,0.803,0.918,6.21%,11.43%,0.052
INBODY.BFM_PC__of_Right_Arm.above_225.38,INBODY.BFM_PC__of_Right_Arm.above_225·38,63,761,11,254,0.0678,0.77,0.129,0.562,0.601,0.456,0.179,1,-0.409,0.00779,0.0269,0.023,0.000000375,0.00000192,0.07,0.226,0.478,4.15%,7.65%,0.035
INBODY.BFM_PC__of_Trunk.above_281.55,INBODY.BFM_PC__of_Trunk.above_281·55,63,762,11,253,0.0704,0.77,0.397,0.0747,0.0927,0.497,0.143,1,-0.417,0.00634,0.0227,0.018,0.0000954,0.000294,0.04,0.479,0.709,4.17%,7.64%,0.035
REPRODUCTIVE_HEALTH.BIRTHS.above_2,SALUD_REPRODUCTIVA.PARTOS.above_2,25,248,28,482,0.0723,0.77,-3.418,1.54E-28,6.56E-27,0.135,0.665,1,,,,0.057,4.33E-22,1.5E-20,-0.161,0.016,0.0673,5.49%,9.16%,0.037
CLINICAL_METABOLIC_TEST.LDL.above_80,METABOLICOS.LDL.above_80,41,453,34,592,0.074,0.77,-1.051,0.000000157,0.000000408,0.317,0.194,1,-0.437,0.00133,0.00546,0.019,0.00000174,0.000008,0.049,0.304,0.565,5.43%,8.30%,0.029
ANTHROPOMETRY.PROTHESIS,ANTROPOMETRIA.TIENE_PROTESIS,3,12,72,1024,0.0747,0.77,-9.088,5.36E-10,0.00000000184,0.865,0.203,1,0.36,0.503,0.685,0.077,0.000521,0.00141,-0.131,0.492,0.72,6.57%,20.00%,0.134
MEDICAL_RECORD.NOCTURIA,HISTORIA_MEDICA.NICTURIA,22,210,53,836,0.0777,0.77,-2.851,9.15E-26,2.33E-24,0.283,0.298,1,-0.18,0.28,0.457,0.03,0.00000000137,0.00000000991,-0.046,0.431,0.671,5.96%,9.48%,0.035
DISEASE_FAMILY_MEMBERS.SIBLINGS_DIABETES,ENFERMEDAD_FAMILIARES.HERMANOS_DIABETES,28,278,46,731,0.0779,0.77,-3.066,1.15E-31,6.28E-30,0.16,0.542,1,-0.308,0.0521,0.132,0.044,2.31E-19,5.63E-18,-0.017,0.747,0.892,5.92%,9.15%,0.032
DISEASE_FAMILY_MEMBERS.FATHER_TRIGLYCERIDES,ENFERMEDAD_FAMILIARES.PADRE_TRIGLICERIDOS,2,97,63,845,0.0804,0.772,-0.884,0.00589,0.00828,-1.045,0.154,1,0.127,0.592,0.757,-0.031,0.0000112,0.0000444,0.227,0.00697,0.0354,6.94%,2.02%,-0.049
REPRODUCTIVE_HEALTH.PREGNANCY_HIGH_PRESSURE,SALUD_REPRODUCTIVA.EMBARAZO_PRESION_ALTA,4,114,49,554,0.082,0.772,-0.113,0.731,0.761,-0.669,0.213,1,,,,-0.033,0.00000429,0.0000181,0.162,0.0603,0.191,8.13%,3.39%,-0.047
INBODY.FFM_of_Left_Arm.above_2.3,INBODY.FFM_of_Left_Arm.above_2·3,29,511,45,504,0.0832,0.772,0.401,0.0752,0.0933,-0.402,0.177,1,2.733,0,0,-0.023,0.000000786,0.00000384,0.113,0.0454,0.156,8.20%,5.37%,-0.028
MEDICAL_RECORD.DIET_TREATMENT,HISTORIA_MEDICA.TRATAMIENTO_DIETA,8,159,16,142,0.0886,0.783,0.856,0.0874,0.107,-0.714,0.117,1,-0.494,0.0481,0.125,-0.011,0.217,0.301,0.018,0.834,0.933,10.13%,4.79%,-0.053
REPRODUCTIVE_HEALTH.MENSTRUAL_DAYS.above_6,SALUD_REPRODUCTIVA.DIAS_MENSTRUALES.above_6,7,177,46,552,0.0917,0.783,-0.193,0.465,0.504,-0.61,0.146,1,,,,-0.021,0.000247,0.0007,-0.105,0.143,0.353,7.69%,3.80%,-0.039
INBODY.FFM_of_Right_Leg.above_5.21,INBODY.FFM_of_Right_Leg.above_5·21,48,756,26,259,0.0929,0.783,2.676,1.08E-21,1.67E-20,-0.148,0.618,1,3.232,1.4E-22,2.17E-21,-0.043,1.52E-15,2.26E-14,0.255,0.0000716,0.00116,9.12%,5.97%,-0.032
REPRODUCTIVE_HEALTH.CHILDREN_BORN_ALIVE.above_2,SALUD_REPRODUCTIVA.HIJOS_NACIDOS_VIVOS.above_2,38,418,15,291,0.093,0.783,-2.369,1.26E-17,1.27E-16,0.146,0.667,1,,,,0.06,2.46E-24,1.04E-22,-0.062,0.363,0.624,4.90%,8.33%,0.034
MEDICAL_RECORD.COVID_SEQUELS,HISTORIA_MEDICA.SECUELAS_COVID,7,159,17,176,0.093,0.783,-0.196,0.593,0.631,-0.843,0.0738,1,-0.767,0.00204,0.00805,0.008,0.298,0.388,-0.107,0.205,0.449,8.81%,4.22%,-0.046
MEDICAL_RECORD.RENAL_INSUFFICIENCY,HISTORIA_MEDICA.INSUFICIENCIA_RENAL,2,6,73,1042,0.0948,0.784,-9.152,0.000000508,0.00000124,1.161,0.17,1,-1.476,0.172,0.333,0.076,0.00662,0.0146,0.119,0.632,0.813,6.55%,25.00%,0.185
DISEASE_FAMILY_MEMBERS.MOTHER_HYPERTENSION,ENFERMEDAD_FAMILIARES.MADRE_HIPERTENSION,17,341,55,666,0.0979,0.795,-0.981,0.0000039,0.00000827,-0.565,0.051,1,-0.604,0.0000673,0.000328,0.009,0.0244,0.0473,0.176,0.000657,0.00612,7.63%,4.75%,-0.029
INBODY.BFM_of_Right_Leg.above_3.2,INBODY.BFM_of_Right_Leg.above_3·2,61,742,13,273,0.104,0.814,1.296,0.0000000183,0.0000000542,0.556,0.0882,1,-1.324,2.49E-19,3.45E-18,0.004,0.422,0.516,0.044,0.427,0.669,4.55%,7.60%,0.031
INBODY.BFM_of_Left_Arm.above_1.6,INBODY.BFM_of_Left_Arm.above_1·6,61,743,13,272,0.108,0.814,0.916,0.0000592,0.000109,0.479,0.144,1,-1.442,4.69E-22,6.95E-21,0.013,0.00562,0.0126,0.078,0.17,0.399,4.56%,7.59%,0.03
INBODY.BFM_of_Trunk.above_12,INBODY.BFM_of_Trunk.above_12,62,759,12,256,0.11,0.814,1.031,0.0000059,0.0000123,0.509,0.124,1,-0.94,2.6E-10,0.00000000203,0.008,0.0827,0.134,0.061,0.279,0.54,4.48%,7.55%,0.031
INBODY.FFM_of_Left_Leg.above_7.31,INBODY.FFM_of_Left_Leg.above_7·31,11,240,63,775,0.112,0.814,-0.576,0.0444,0.0564,-0.509,0.222,1,3.51,0,0,-0.047,1.6E-13,1.73E-12,0.192,0.00821,0.0396,7.52%,4.38%,-0.031
INBODY.FFM_PC__of_Right_Leg.above_85.5,INBODY.FFM_PC__of_Right_Leg.above_85·5,30,515,44,500,0.116,0.814,1.98,1.46E-19,1.8E-18,-0.062,0.811,1,0.619,0.0000192,0.0000989,-0.045,3.64E-24,1.49E-22,0.044,0.391,0.642,8.09%,5.50%,-0.026
VISUAL_HEALTH.GLASSES_AGE.above_51,SALUD_VISUAL.ANTEOJOS_EDAD.above_51,14,121,27,426,0.116,0.814,-8.219,6.84E-26,1.82E-24,-0.113,0.778,1,-0.284,0.267,0.443,0.12,3.97E-21,1.14E-19,-0.131,0.129,0.328,5.96%,10.37%,0.044
REPRODUCTIVE_HEALTH.CHILDREN_BORN_ALIVE.above_4,SALUD_REPRODUCTIVA.HIJOS_NACIDOS_VIVOS.above_4,11,87,42,622,0.117,0.814,-5.897,2.91E-27,9.26E-26,0.185,0.634,1,,,,0.073,7.47E-16,1.21E-14,-0.149,0.099,0.269,6.33%,11.22%,0.049
HEARING_HEALTH.COLORING_GROWTH_TOOTH,SALUD_DENTAL.COLORACION_CRECIMIENTO_DENTAL,1,61,74,985,0.118,0.814,-2.689,7E-11,2.66E-10,-1.473,0.148,1,0.274,0.321,0.507,-0.004,0.594,0.681,0.126,0.206,0.449,6.99%,1.61%,-0.054
CLINICAL_METABOLIC_TEST.CHOLESTEROL.above_158,METABOLICOS.COLESTEROL.above_158,44,509,31,538,0.118,0.814,-0.975,0.000000868,0.00000202,0.253,0.306,1,-0.41,0.00229,0.00891,0.021,0.0000000435,0.000000261,0.101,0.0353,0.127,5.45%,7.96%,0.025
DISEASE_FAMILY_MEMBERS.SIBLINGS_TRIGLYCERIDES,ENFERMEDAD_FAMILIARES.HERMANOS_TRIGLICERIDOS,10,80,61,916,0.121,0.814,-3.025,1.23E-15,9.24E-15,0.549,0.134,1,-0.559,0.0386,0.104,0.014,0.0442,0.0797,0.141,0.092,0.259,6.24%,11.11%,0.049
INBODY.Obesity_Degree.above_123.25,INBODY.Obesity_Degree.above_123·25,62,762,12,253,0.122,0.814,1.01,0.0000102,0.0000207,0.48,0.148,1,-1.039,3.68E-12,3.3E-11,0.009,0.0374,0.0688,0.046,0.412,0.66,4.53%,7.52%,0.03
INBODY.FFM_of_Right_Arm.above_2.41,INBODY.FFM_of_Right_Arm.above_2·41,27,470,47,545,0.129,0.814,0.059,0.796,0.824,-0.372,0.221,1,2.756,0,0,-0.02,0.0000134,0.0000516,0.12,0.0353,0.127,7.94%,5.43%,-0.025
PAINS.THRESHOLD_PAIN,DOLORES.DOLOR_UMBRAL,3,16,72,1025,0.13,0.814,-4.853,0.00000000291,0.00000000929,0.903,0.166,1,-0.576,0.314,0.497,0.016,0.288,0.377,0.188,0.28,0.541,6.56%,15.79%,0.092
REPRODUCTIVE_HEALTH.ABDOMINAL_PAIN.above_2,SALUD_REPRODUCTIVA.DOLOR_ABDOMINAL.above_2,5,131,48,599,0.134,0.814,-0.562,0.0543,0.0682,-0.559,0.249,1,,,,-0.021,0.000682,0.00179,0.038,0.635,0.814,7.42%,3.68%,-0.037
VISUAL_HEALTH.GLASSES_AGE.above_28.5,SALUD_VISUAL.ANTEOJOS_EDAD.above_28·5,35,407,6,140,0.136,0.814,-4.711,4.19E-19,4.96E-18,-0.354,0.513,1,-0.871,0.00189,0.00752,0.125,4.23E-29,2.43E-27,-0.242,0.018,0.0732,4.11%,7.92%,0.038
INBODY.FFM_PC__of_Left_Leg.above_80.2,INBODY.FFM_PC__of_Left_Leg.above_80·2,49,759,25,256,0.137,0.814,4.167,1.49E-40,2.85E-38,0.028,0.92,1,0.735,0.0000306,0.000156,-0.064,2.79E-29,1.69E-27,0.064,0.267,0.526,8.90%,6.06%,-0.028
INBODY.Protein.above_9.9,INBODY.Protein.above_9·9,12,249,62,766,0.14,0.814,-0.808,0.00342,0.00496,-0.468,0.238,1,3.237,0,0,-0.037,3.3E-10,0.00000000257,0.19,0.00653,0.0336,7.49%,4.60%,-0.029
CLINICAL_METABOLIC_TEST.BLOOD_PRESSURE_DIA.above_74,METABOLICOS.TENSION_ARTERIAL_DIA.above_74,49,774,26,274,0.14,0.814,-0.324,0.131,0.156,-0.644,0.0137,0.882,0.351,0.0266,0.075,0.027,0.00000000122,0.00000000888,0.033,0.553,0.766,8.67%,5.95%,-0.027
INBODY.FFM_of_Trunk.above_20.3,INBODY.FFM_of_Trunk.above_20·3,30,509,44,506,0.14,0.814,0.621,0.00713,0.00993,-0.277,0.361,1,2.992,0,0,-0.029,0.00000000198,0.000000014,0.142,0.0145,0.0619,8.00%,5.57%,-0.024
INBODY.BFM_PC__of_Left_Arm.above_326.45,INBODY.BFM_PC__of_Left_Arm.above_326·45,44,506,30,509,0.14,0.814,-0.623,0.00167,0.0025,0.296,0.233,1,-0.043,0.75,0.859,0.013,0.000928,0.00236,0.095,0.0483,0.162,5.57%,8.00%,0.024
PERC_PHYSICAL.TWIN,PERC_FISICA.GEMELO,3,17,72,1030,0.144,0.814,-4.094,0.0000000368,0.000000104,0.889,0.17,1,-0.573,0.313,0.497,0.003,0.845,0.898,-0.054,0.768,0.902,6.53%,15.00%,0.085
INBODY.BFM_PC__of_Trunk.above_360.2,INBODY.BFM_PC__of_Trunk.above_360·2,44,507,30,508,0.145,0.814,-0.462,0.0191,0.0252,0.308,0.213,1,-0.108,0.418,0.602,0.01,0.00898,0.0192,0.055,0.246,0.501,5.58%,7.99%,0.024
REPRODUCTIVE_HEALTH.BIRTHS.above_3,SALUD_REPRODUCTIVA.PARTOS.above_3,15,139,38,591,0.145,0.814,-5.402,4.24E-33,2.86E-31,0.007,0.985,1,,,,0.076,3.3E-22,1.18E-20,-0.195,0.0143,0.0616,6.04%,9.74%,0.037
DISEASE_FAMILY_MEMBERS.OTHER_GENETIC_CONDITIONS,ENFERMEDAD_FAMILIARES.OTRAS_CONDICIONES_GENETICAS,5,130,70,889,0.146,0.814,-1.834,4.42E-10,0.00000000153,-0.667,0.16,1,-0.103,0.617,0.771,-0.002,0.693,0.766,0.213,0.00246,0.0165,7.30%,3.70%,-0.036
MEDICAL_RECORD.PRECORDIAL_PAIN,HISTORIA_MEDICA.DOLOR_PRECORDIAL,8,66,67,982,0.146,0.814,-2.686,7.85E-12,3.34E-11,0.54,0.178,1,-0.495,0.0907,0.202,0.002,0.75,0.814,-0.073,0.454,0.685,6.39%,10.81%,0.044
MEDICAL_RECORD.HOSPITALIZED_OVER_24HRS,HISTORIA_MEDICA.HOSPITALIZADO_MAS_DE_24HRS,0,28,28,274,0.149,0.814,-1.21,0.152,0.179,-19.092,0.998,1,0.496,0.235,0.401,-0.022,0.144,0.214,-0.09,0.557,0.769,9.27%,0.00%,-0.093
INBODY.InBody_Score.above_62,INBODY.InBody_Score.above_62,28,478,46,537,0.155,0.814,0.749,0.000208,0.000355,-0.207,0.416,1,0.717,0.000000202,0.00000128,-0.022,0.0000000255,0.000000157,-0.046,0.343,0.606,7.89%,5.53%,-0.024
HEARING_HEALTH.MISSING_TEETH,SALUD_DENTAL.FALTAN_DIENTES,55,675,20,371,0.156,0.814,-2.823,3.5E-31,1.82E-29,-0.182,0.547,1,-0.299,0.0638,0.155,0.077,0,0,-0.016,0.787,0.91,5.12%,7.53%,0.024
INBODY.PBF_Percent_Body_Fat.above_41.6,INBODY.PBF_Percent_Body_Fat.above_41·6,44,510,30,505,0.159,0.814,-0.181,0.425,0.465,0.355,0.231,1,-2.828,0,0,0.019,0.0000447,0.000149,0.011,0.848,0.941,5.61%,7.94%,0.023
MEDICAL_RECORD.ACUTE_MYOCARDIAL_INFARCTION,HISTORIA_MEDICA.INFARTO_AGUDO_MIOCARDIO,4,28,71,1020,0.16,0.814,-5.922,2.75E-15,1.94E-14,0.468,0.4,1,0.278,0.456,0.637,0.042,0.000915,0.00235,0.111,0.39,0.642,6.51%,12.50%,0.06
INBODY.BFM_of_Right_Arm.above_1.6,INBODY.BFM_of_Right_Arm.above_1·6,60,740,14,275,0.161,0.814,0.974,0.0000189,0.0000372,0.412,0.197,1,-1.439,3.35E-22,5.03E-21,0.011,0.015,0.0306,0.081,0.152,0.37,4.84%,7.50%,0.027
VACCINATION.DOSE_VACCINES_COVID.above_2,VACUNACION.DOSIS_VACUNAS_COVID.above_2,44,531,21,384,0.162,0.814,-1.894,1.31E-15,9.68E-15,0.15,0.599,1,-0.215,0.156,0.309,0.047,5.61E-23,2.07E-21,0.217,0.000134,0.00175,5.19%,7.65%,0.025
REPRODUCTIVE_HEALTH.CHILDREN_BORN_ALIVE.above_3,SALUD_REPRODUCTIVA.HIJOS_NACIDOS_VIVOS.above_3,21,209,32,500,0.162,0.814,-3.557,2.62E-27,8.59E-26,0.05,0.874,1,,,,0.054,5.69E-19,1.33E-17,-0.16,0.0208,0.0825,6.02%,9.13%,0.031
INBODY.BFM_PC__of_Right_Arm.above_463.25,INBODY.BFM_PC__of_Right_Arm.above_463·25,24,248,50,767,0.163,0.814,-1.473,2.12E-10,7.61E-10,0.355,0.175,1,-0.038,0.807,0.901,0.007,0.118,0.18,0.105,0.0534,0.174,6.12%,8.82%,0.027
INBODY.BFM_PC__of_Trunk.above_453,INBODY.BFM_PC__of_Trunk.above_453,24,248,50,767,0.163,0.814,-1.614,4.78E-12,2.1E-11,0.32,0.222,1,0.022,0.887,0.954,0.01,0.0296,0.0559,0.032,0.559,0.769,6.12%,8.82%,0.027
ANTHROPOMETRY.MENSTRUAL_CYCLE_PREV_POST,ANTROPOMETRIA.PERIODO_MENSTRUAL_PREV_POST,1,52,46,585,0.165,0.816,0.076,0.86,0.883,-0.951,0.358,1,-13.286,0.993,1,-0.059,0.000000061,0.000000348,-0.015,0.909,0.966,7.29%,1.89%,-0.054
VISUAL_HEALTH.CATARACTS.3,SALUD_VISUAL.CATARATAS.3,6,48,69,1000,0.167,0.816,-8.778,1.08E-23,2.21E-22,0.126,0.794,1,0.054,0.86,0.93,0.098,1.38E-13,1.52E-12,-0.025,0.81,0.921,6.45%,11.11%,0.047
ANTHROPOMETRY.WAIST_CIRCUMFERENCE.above_90.65,ANTROPOMETRIA.CIRCUNFERENCIA_CINTURA.above_90·65,62,775,13,259,0.174,0.818,-0.363,0.0999,0.121,0.233,0.467,1,0.221,0.173,0.333,0.03,9.08E-11,7.49E-10,0.066,0.258,0.513,4.78%,7.41%,0.026
PERC_PHYSICAL.HAIR_COLOR.above_O,PERC_FISICA.COLOR_PELO.above_O,45,542,29,502,0.174,0.818,-0.292,0.142,0.168,0.35,0.17,1,1.025,4.02E-13,3.78E-12,0.002,0.609,0.692,-0.234,0.00000284,0.0000723,5.46%,7.67%,0.022
INBODY.BMR_Basal_Metabolic_Rate.above_1451,INBODY.BMR_Basal_Metabolic_Rate.above_1451,13,257,61,758,0.176,0.818,-0.886,0.00136,0.00206,-0.428,0.276,1,3.27,0,0,-0.035,0.00000000335,0.0000000228,0.262,0.000191,0.00235,7.45%,4.81%,-0.026
VISUAL_HEALTH.LENSES_CAUSES.4,SALUD_VISUAL.LENTES_CAUSAS.4,3,90,38,458,0.18,0.818,-1.157,0.00654,0.00916,-0.837,0.173,1,-0.171,0.511,0.692,-0.008,0.305,0.397,0.01,0.907,0.966,7.66%,3.23%,-0.044
ANTHROPOMETRY.WAIST_CIRCUMFERENCE.above_109.05,ANTROPOMETRIA.CIRCUNFERENCIA_CINTURA.above_109·05,24,252,51,782,0.181,0.818,-1.871,2.04E-15,1.48E-14,0.269,0.303,1,-0.055,0.718,0.839,0.015,0.000637,0.00168,0.05,0.357,0.618,6.12%,8.70%,0.026
INBODY.SMM_Skeletal_Muscle_Mass.above_27.8,INBODY.SMM_Skeletal_Muscle_Mass.above_27·8,13,256,61,759,0.182,0.818,-0.79,0.00429,0.00611,-0.4,0.308,1,3.302,0,0,-0.037,3.93E-10,0.00000000303,0.224,0.00138,0.0108,7.44%,4.83%,-0.026
INBODY.BFM_PC__of_Left_Arm.above_466.22,INBODY.BFM_PC__of_Left_Arm.above_466·22,24,251,50,764,0.182,0.818,-1.489,1.15E-10,4.25E-10,0.332,0.204,1,0.033,0.827,0.912,0.007,0.101,0.158,0.082,0.129,0.327,6.14%,8.73%,0.026
VISUAL_HEALTH.MACULAR_DEGENERATION.0,SALUD_VISUAL.DEGENERACION_MACULAR.0,73,1038,2,10,0.188,0.818,5.814,0.0000000373,0.000000105,-0.942,0.237,1,-0.772,0.189,0.351,-0.017,0.375,0.469,-0.114,0.593,0.795,16.67%,6.57%,-0.101
INBODY.FFM_PC__of_Left_Arm.above_116.4,INBODY.FFM_PC__of_Left_Arm.above_116·4,44,516,30,499,0.189,0.818,0.764,0.000516,0.000831,0.457,0.105,1,-2.264,1.28E-41,3.95E-40,-0.002,0.567,0.657,-0.029,0.586,0.79,5.67%,7.86%,0.022
DISEASE_FAMILY_MEMBERS.SIBLINGS_HYPERTENSION,ENFERMEDAD_FAMILIARES.HERMANOS_HIPERTENSION,19,190,54,808,0.193,0.818,-3.678,2.6E-32,1.57E-30,0.111,0.702,1,-0.592,0.00163,0.00659,0.046,1.17E-16,2.13E-15,0.192,0.00135,0.0107,6.26%,9.09%,0.028
MEDICAL_RECORD.MONTHS_INSULIN.above_1,HISTORIA_MEDICA.MESES_INSULINA.above_1,0,18,8,59,0.194,0.818,2.271,0.117,0.14,-32.548,1,1,-0.851,0.24,0.407,-0.058,0.0293,0.0554,0.103,0.625,0.812,11.94%,0.00%,-0.119
VISUAL_HEALTH.CATARACTS.2,SALUD_VISUAL.CATARATAS.2,3,20,72,1028,0.195,0.818,-7.981,1.66E-13,9.05E-13,0.357,0.582,1,-0.571,0.245,0.415,0.074,0.0000101,0.0000405,0.088,0.557,0.769,6.55%,13.04%,0.065
MEDICAL_RECORD.WEIGHT_INCREASE_FOOD_FIBER,HISTORIA_MEDICA.PESO_AUM_ALIM_FIBRA,7,218,5,73,0.195,0.818,0.593,0.206,0.238,-0.823,0.176,1,-0.125,0.693,0.828,0.011,0.27,0.361,0.128,0.242,0.501,6.41%,3.11%,-0.033
MEDICAL_RECORD.OSTEOARTHRITIS,HISTORIA_MEDICA.OSTEOARTRITIS,3,20,72,1026,0.195,0.818,-8.559,1.81E-13,9.72E-13,0.289,0.659,1,-1.528,0.0161,0.0495,0.086,0.00000129,0.000006,-0.016,0.916,0.97,6.56%,13.04%,0.065
INBODY.BMR_Basal_Metabolic_Rate.above_1302.5,INBODY.BMR_Basal_Metabolic_Rate.above_1302·5,31,511,43,504,0.199,0.818,0.395,0.0977,0.119,-0.268,0.403,1,3.597,0,0,-0.026,0.000000252,0.00000134,0.18,0.00309,0.0189,7.86%,5.72%,-0.021
CLINICAL_METABOLIC_TEST.TRIGLYCERIDES.above_98,METABOLICOS.TRIGLICERIDOS.above_98,61,775,14,273,0.201,0.818,-0.014,0.948,0.961,0.237,0.444,1,-0.192,0.204,0.365,0.024,0.0000000826,0.000000465,0.038,0.5,0.727,4.88%,7.30%,0.024
CLINICAL_METABOLIC_TEST.BLOOD_PRESSURE_DIA.above_81,METABOLICOS.TENSION_ARTERIAL_DIA.above_81,30,506,45,542,0.205,0.818,-0.972,0.000000839,0.00000196,-0.467,0.0604,1,0.406,0.00223,0.0087,0.016,0.0000286,0.0001,0.031,0.511,0.736,7.67%,5.60%,-0.021
MEDICAL_RECORD.FOAMY_URINE,HISTORIA_MEDICA.ORINA_ESPUMOSA,7,61,67,984,0.206,0.818,-3.186,2.5E-14,1.56E-13,0.465,0.272,1,0.277,0.295,0.474,0.006,0.423,0.516,-0.108,0.279,0.54,6.37%,10.29%,0.039
INBODY.BFM_Body_Fat_Mass.above_23,INBODY.BFM_Body_Fat_Mass.above_23,61,763,13,252,0.206,0.818,1.254,0.0000000633,0.000000172,0.42,0.194,1,-1.106,1.26E-13,1.19E-12,0.005,0.275,0.366,0.083,0.142,0.353,4.91%,7.40%,0.025
INBODY.BMI_Body_Mass_Index.above_26.4,INBODY.BMI_Body_Mass_Index.above_26·4,61,763,13,252,0.206,0.818,0.898,0.0000692,0.000126,0.372,0.242,1,-0.663,0.00000945,0.0000492,0.009,0.048,0.0852,0.063,0.262,0.519,4.91%,7.40%,0.025
INBODY.Protein.above_8.5,INBODY.Protein.above_8·5,30,496,44,519,0.206,0.818,0.405,0.0905,0.11,-0.25,0.438,1,3.532,0,0,-0.028,0.0000000368,0.000000223,0.184,0.0026,0.0171,7.82%,5.70%,-0.021
REPRODUCTIVE_HEALTH.WEIGHT_FIRST_CHILD.above_3,SALUD_REPRODUCTIVA.PESO_PRIMER_HIJO.above_3,24,237,29,428,0.209,0.818,-0.873,0.000925,0.00144,0.37,0.202,1,,,,0.006,0.262,0.352,0.03,0.634,0.813,6.35%,9.20%,0.028
VISUAL_HEALTH.LENSES_CAUSES.3,SALUD_VISUAL.LENTES_CAUSAS.3,13,120,28,428,0.209,0.818,-4.461,3.87E-17,3.67E-16,0.119,0.748,1,-0.528,0.0268,0.0753,0.059,4.41E-11,3.77E-10,0.105,0.174,0.405,6.14%,9.77%,0.036
REPRODUCTIVE_HEALTH.PATTERN_BALDNESS.above_3,SALUD_REPRODUCTIVA.PATRON_CALVICIE.above_3,3,22,19,296,0.213,0.818,-6.812,0.0000000143,0.0000000428,0.402,0.563,1,,,,0.071,0.0000908,0.000283,0.042,0.779,0.909,6.03%,12.00%,0.06
INBODY.WHR_Waist_Hip_Ratio.above_1.01,INBODY.WHR_Waist_Hip_Ratio.above_1·01,21,218,53,797,0.215,0.818,-1.739,5.35E-12,2.33E-11,0.261,0.349,1,-1.222,0.00000000131,0.00000000965,0.015,0.00223,0.00531,-0.004,0.942,0.976,6.24%,8.79%,0.026
REPRODUCTIVE_HEALTH.PREGNANCY_URINARY_INFECTION,SALUD_REPRODUCTIVA.EMBARAZO_INFECCION_URINARIA,7,139,46,527,0.216,0.818,1.076,0.000654,0.00103,-0.171,0.694,1,,,,-0.055,3.91E-14,4.53E-13,0.103,0.221,0.472,8.03%,4.79%,-0.032
MEDICAL_RECORD.POLLAKIURIA,HISTORIA_MEDICA.POLAQUIURIA,17,172,58,875,0.217,0.818,-2.826,3.45E-23,6.37E-22,0.242,0.41,1,0.241,0.158,0.312,0.022,0.00002,0.0000731,0.009,0.885,0.959,6.22%,8.99%,0.028
INBODY.FFM_PC__of_Right_Leg.above_80.6,INBODY.FFM_PC__of_Right_Leg.above_80·6,50,759,24,256,0.218,0.818,3.894,2.08E-38,2.17E-36,0.07,0.801,1,0.574,0.000821,0.00348,-0.058,3E-26,1.38E-24,0.086,0.134,0.337,8.57%,6.18%,-0.024
REPRODUCTIVE_HEALTH.PREGNANCY_INF_SEXUALLY_TRANS,SALUD_REPRODUCTIVA.EMBARAZO_INFECC_TRANS_SEX,2,10,51,656,0.219,0.818,-3.203,0.000597,0.00095,1.149,0.154,1,,,,-0.022,0.268,0.36,0.145,0.558,0.769,7.21%,16.67%,0.095
INBODY.BMI.above_26.4,INBODY.IMC.above_26·4,60,761,13,252,0.224,0.827,0.897,0.0000704,0.000128,0.36,0.258,1,-0.652,0.0000133,0.0000688,0.009,0.0506,0.0892,0.063,0.264,0.52,4.91%,7.31%,0.024
PERC_PHYSICAL.LEFT_RIGHT.X,PERC_FISICA.ZURDO_DERECHO.X,2,73,73,975,0.227,0.827,-3.465,8.72E-17,7.7E-16,-1.128,0.122,1,-0.129,0.627,0.778,0.018,0.0194,0.0385,0.094,0.294,0.556,6.97%,2.67%,-0.043
MEDICAL_RECORD.CARDIOVASCULAR_HYPERTENSION,HISTORIA_MEDICA.CARDIOVASCULAR_HIPERTENSION,27,301,48,747,0.227,0.827,-3.84,5.48E-42,1.26E-39,-0.06,0.823,1,-0.244,0.12,0.25,0.059,4.15E-30,2.64E-28,-0.017,0.753,0.895,6.04%,8.23%,0.022
DISEASE_FAMILY_MEMBERS.MOTHER_CANCER,ENFERMEDAD_FAMILIARES.MADRE_CANCER,11,99,63,914,0.229,0.828,-2.716,1.3E-15,9.67E-15,0.383,0.271,1,-0.428,0.0715,0.17,0.012,0.055,0.0954,0.02,0.8,0.918,6.45%,10.00%,0.036
INBODY.FFM_of_Right_Leg.above_7.31,INBODY.FFM_of_Right_Leg.above_7·31,13,248,61,767,0.232,0.829,-0.562,0.0461,0.0583,-0.285,0.474,1,3.441,0,0,-0.045,4.8E-13,5E-12,0.249,0.000557,0.00542,7.37%,4.98%,-0.024
HEARING_HEALTH.LOUD_MUSIC.above_3,SALUD_AUDITIVA.MUSICA_ALTA.above_3,8,70,67,978,0.233,0.829,-2.19,0.00000000308,0.00000000979,0.701,0.0846,1,0.373,0.134,0.274,-0.015,0.0448,0.0806,0.348,0.0000997,0.00138,6.41%,10.26%,0.038
REPRODUCTIVE_HEALTH.CESAREAN_SECTIONS.above_3,SALUD_REPRODUCTIVA.CESAREAS.above_3,3,22,50,708,0.236,0.832,-4.005,0.00000000696,0.0000000217,0.583,0.363,1,,,,0.011,0.405,0.498,0.034,0.835,0.933,6.60%,12.00%,0.054
MEDICAL_RECORD.ULCERS_FEET_DIABETES,HISTORIA_MEDICA.ULCERAS_PIES_DIABETES,0,21,28,238,0.241,0.835,-4.146,0.000829,0.00129,-42.933,1,1,0.46,0.333,0.521,0.026,0.211,0.294,-0.16,0.379,0.637,10.53%,0.00%,-0.105
INBODY.TBW_Total_Body_Water.above_31.7,INBODY.TBW_Total_Body_Water.above_31·7,31,504,43,511,0.242,0.835,0.247,0.3,0.339,-0.244,0.445,1,3.557,0,0,-0.023,0.0000027,0.0000119,0.18,0.0031,0.0189,7.76%,5.79%,-0.02
INBODY.SMM_Skeletal_Muscle_Mass.above_23.6,INBODY.SMM_Skeletal_Muscle_Mass.above_23·6,31,504,43,511,0.242,0.835,0.503,0.0356,0.0456,-0.197,0.537,1,3.582,0,0,-0.029,0.00000000961,0.0000000619,0.179,0.00345,0.0207,7.76%,5.79%,-0.02
MEDICAL_RECORD.LYMPHADENOPATHIES,HISTORIA_MEDICA.LINFADENOPATIAS,1,48,74,995,0.248,0.843,-1.565,0.00032,0.000532,-0.996,0.331,1,-0.465,0.202,0.365,-0.031,0.00145,0.00359,0.149,0.205,0.449,6.92%,2.04%,-0.049
HEARING_HEALTH.DENTAL_PAIN_SENSITIVITY.above_1,SALUD_DENTAL.SENSIBILIDAD_DOLOR_DENTAL.above_1,1,50,74,998,0.249,0.843,-2.467,0.0000000227,0.0000000655,-1.229,0.228,1,-0.322,0.343,0.525,-0.01,0.293,0.384,0.043,0.703,0.865,6.90%,1.96%,-0.049
PERC_PHYSICAL.SKIN_COLOR.above_O,PERC_FISICA.COLOR_PIEL.above_O,3,23,72,1022,0.25,0.843,-2.117,0.000158,0.000276,1.042,0.11,1,0.365,0.39,0.57,-0.042,0.00145,0.00359,-0.432,0.0166,0.0694,6.58%,11.54%,0.05
MEDICAL_RECORD.PUSTULES,HISTORIA_MEDICA.PUSTULAS,1,53,73,995,0.254,0.846,-2.084,0.00000053,0.00000129,-1.196,0.241,1,0.132,0.664,0.806,-0.019,0.0301,0.0566,-0.088,0.442,0.677,6.84%,1.85%,-0.05
INBODY.FFM_of_Right_Leg.above_6.11,INBODY.FFM_of_Right_Leg.above_6·11,30,488,44,527,0.257,0.846,0.699,0.00371,0.00533,-0.143,0.655,1,3.492,0,0,-0.035,1.09E-11,1.01E-10,0.15,0.0142,0.0614,7.71%,5.79%,-0.019
PERC_PHYSICAL.LEFT_RIGHT.Z,PERC_FISICA.ZURDO_DERECHO.Z,6,49,69,999,0.259,0.846,-2.711,4.75E-10,0.00000000164,0.626,0.17,1,0.063,0.835,0.919,-0.007,0.442,0.534,-0.034,0.756,0.895,6.46%,10.91%,0.044
MEDICAL_RECORD.TRANSF_BLOOD_ANT_1995,HISTORIA_MEDICA.TRANSF_SANGRE_ANT_1995,6,49,69,997,0.259,0.846,-5.368,7.37E-20,9.39E-19,0.319,0.492,1,-1.226,0.00195,0.00774,0.049,0.000000939,0.00000451,0.219,0.0306,0.112,6.47%,10.91%,0.044
INBODY.FFM_PC__of_Right_Leg.above_90.1,INBODY.FFM_PC__of_Right_Leg.above_90·1,14,259,60,756,0.26,0.846,0.607,0.007,0.00977,-0.02,0.951,1,0.762,0.00000118,0.00000662,-0.042,6.28E-18,1.33E-16,0.006,0.921,0.97,7.35%,5.13%,-0.022
INBODY.BFM_PC__of_Right_Leg.above_268.25,INBODY.BFM_PC__of_Right_Leg.above_268·25,23,249,51,766,0.264,0.848,-1.398,0.00000000128,0.00000000424,0.3,0.256,1,0.04,0.795,0.892,0.005,0.249,0.336,0.094,0.0842,0.243,6.24%,8.46%,0.022
MEDICAL_RECORD.FATTY_LIVER,HISTORIA_MEDICA.HIGADO_GRASO,8,77,67,968,0.265,0.848,-3.831,4.51E-20,6.09E-19,0.246,0.536,1,-0.293,0.255,0.426,0.027,0.000376,0.00103,0.159,0.0594,0.189,6.47%,9.41%,0.029
INBODY.PBF_Percent_Body_Fat.above_48,INBODY.PBF_Percent_Body_Fat.above_48,23,250,51,765,0.273,0.867,-1.447,0.00000000769,0.0000000236,0.247,0.39,1,-3.017,5.09E-18,6.02E-17,0.016,0.000846,0.0022,0.049,0.413,0.66,6.25%,8.42%,0.022
INBODY.BFM_PC__of_Left_Leg.above_266.3,INBODY.BFM_PC__of_Left_Leg.above_266·3,23,251,51,764,0.282,0.889,-1.391,0.00000000139,0.00000000458,0.287,0.277,1,0.049,0.75,0.859,0.005,0.243,0.33,0.084,0.122,0.317,6.26%,8.39%,0.021
MEDICAL_RECORD.EXERCISE_INTOLERANCE,HISTORIA_MEDICA.INTOLERANCIA_EJERCICIO,6,54,69,994,0.284,0.89,-2.91,1.41E-11,5.71E-11,0.435,0.339,1,-0.293,0.342,0.525,0.002,0.851,0.9,-0.152,0.161,0.383,6.49%,10.00%,0.035
VISUAL_HEALTH.CATARACTS.0,SALUD_VISUAL.CATARATAS.0,66,960,9,88,0.286,0.89,8.121,3.54E-34,2.54E-32,0.081,0.842,1,-0.177,0.459,0.641,-0.099,1.23E-21,3.8E-20,-0.069,0.397,0.647,9.28%,6.43%,-0.028
HEARING_HEALTH.LISTEN_NOISES.above_2,SALUD_AUDITIVA.ESCUCHAR_RUIDOS.above_2,2,14,73,1034,0.29,0.898,-8.621,4.97E-11,1.9E-10,0.317,0.686,1,-0.298,0.591,0.757,0.077,0.000128,0.000388,0.234,0.172,0.401,6.59%,12.50%,0.059
INBODY.BFM_of_Left_Arm.above_3.5,INBODY.BFM_of_Left_Arm.above_3·5,22,240,52,775,0.298,0.915,-1.209,0.000000383,0.00000095,0.311,0.256,1,-1.182,7.31E-10,0.00000000553,0.006,0.201,0.282,0.155,0.00623,0.0326,6.29%,8.40%,0.021
INBODY.FFM_PC__of_Left_Leg.above_89.8,INBODY.FFM_PC__of_Left_Leg.above_89·8,14,254,60,761,0.3,0.915,0.635,0.00518,0.00731,0.024,0.94,1,0.863,0.0000000478,0.000000318,-0.044,5.87E-19,1.35E-17,-0.02,0.736,0.885,7.31%,5.22%,-0.021
MEDICAL_RECORD.LACTASE_DEFICIENCY,HISTORIA_MEDICA.DEF_LACTASA,4,100,71,946,0.302,0.916,-2.239,1.79E-11,7.2E-11,-0.603,0.254,1,-0.413,0.0912,0.202,0.001,0.871,0.913,0.21,0.00751,0.0368,6.98%,3.85%,-0.031
MEDICAL_RECORD.CANCER,HISTORIA_MEDICA.CANCER,4,33,71,1010,0.306,0.92,-5.474,2.49E-15,1.78E-14,0.249,0.653,1,-1.274,0.00964,0.0322,0.044,0.00019,0.000552,0.006,0.963,0.988,6.57%,10.81%,0.042
INBODY.BFM_of_Right_Arm.above_3.5,INBODY.BFM_of_Right_Arm.above_3·5,22,241,52,774,0.307,0.92,-1.181,0.000000691,0.00000165,0.311,0.256,1,-1.225,2.57E-10,0.00000000202,0.006,0.228,0.313,0.163,0.00413,0.0241,6.30%,8.37%,0.021
MEDICAL_RECORD.DIS_GASTRIC_COLITIS,HISTORIA_MEDICA.ENF_GASTRO_COLITIS,13,242,62,804,0.31,0.922,-0.689,0.00284,0.00415,-0.319,0.32,1,-1.212,6.99E-10,0.00000000533,-0.005,0.262,0.353,0.114,0.0478,0.161,7.16%,5.10%,-0.021
CLINICAL_METABOLIC_TEST.HEART_RATE.above_77,METABOLICOS.LATIDOS_POR_MIN.above_77,10,147,6,157,0.312,0.923,0.897,0.0138,0.0186,0.719,0.184,1,-0.466,0.0799,0.185,-0.02,0.0162,0.0327,0.037,0.702,0.865,3.68%,6.37%,0.027
INBODY.Minerals.above_2.97,INBODY.Minerals.above_2·97,32,507,42,508,0.32,0.929,0.526,0.0224,0.0293,-0.125,0.675,1,3.022,0,0,-0.027,0.0000000167,0.000000105,0.101,0.0806,0.236,7.64%,5.94%,-0.017
REPRODUCTIVE_HEALTH.PREV_RUPTURE_MEMBRANES,SALUD_REPRODUCTIVA.RUPTURA_PRE_MEMB,4,32,48,630,0.324,0.929,-3.807,8.31E-10,0.00000000281,0.379,0.497,1,,,,0.017,0.147,0.218,-0.02,0.881,0.959,7.08%,11.11%,0.04
MEDICAL_RECORD.OBESITY_CURRENTLY,HISTORIA_MEDICA.OBESIDAD_ACTUALMENTE,19,277,8,71,0.325,0.929,2.642,0.000000519,0.00000127,-0.285,0.535,1,-0.188,0.546,0.724,-0.026,0.0103,0.0217,0.292,0.0119,0.0534,10.13%,6.42%,-0.037
PAINS.HIP_PAIN_3M,DOLORES.DOLOR_CADERA_3M,12,120,63,924,0.326,0.929,-3.205,6.5E-22,1.05E-20,0.217,0.516,1,0.095,0.634,0.783,0.022,0.000219,0.000632,-0.024,0.736,0.885,6.38%,9.09%,0.027
MEDICAL_RECORD.PETS,HISTORIA_MEDICA.ANIMALES_DOMESTICOS,41,640,34,408,0.33,0.929,0.484,0.0146,0.0196,-0.251,0.305,1,-0.265,0.0487,0.125,0.001,0.852,0.9,0.222,0.00000916,0.00021,7.69%,6.02%,-0.017
INBODY.FFM_PC__of_Right_Arm.above_118.15,INBODY.FFM_PC__of_Right_Arm.above_118·15,43,523,31,492,0.33,0.929,0.772,0.000431,0.000703,0.334,0.231,1,-2.194,9.87E-41,2.97E-39,-0.002,0.626,0.707,-0.079,0.138,0.344,5.93%,7.60%,0.017
MENTAL_HEALTH.FAM_HIST_NEUROMENTAL_DIS,SALUD_MENTAL.HISTFAM_ENF_NEURO_MENTAL,5,112,70,929,0.331,0.929,-1.737,0.0000000191,0.0000000562,-0.426,0.373,1,-0.394,0.0902,0.201,-0.007,0.247,0.335,0.244,0.00123,0.01,7.01%,4.27%,-0.027
MEDICAL_RECORD.PNEUMONIA,HISTORIA_MEDICA.NEUMONIA,4,36,71,1012,0.335,0.929,-4.548,2.05E-14,1.28E-13,0.315,0.566,1,-0.535,0.169,0.329,0.026,0.0152,0.0307,0.189,0.11,0.295,6.56%,10.00%,0.034
CLINICAL_METABOLIC_TEST.CHOLESTEROL.above_131,METABOLICOS.COLESTEROL.above_131,60,778,15,269,0.338,0.929,-0.005,0.983,0.991,0.112,0.713,1,-0.429,0.00427,0.0158,0.026,0.00000000922,0.0000000601,0.011,0.845,0.939,5.28%,7.16%,0.019
MEDICAL_RECORD.PRE_DIABETES_AGE.above_38.5,HISTORIA_MEDICA.PRE_DIABETES_EDAD.above_38·5,3,51,3,18,0.34,0.929,-24.682,0.00271,0.00397,-1.933,0.663,1,-6.389,0.00822,0.028,0.551,0.0019,0.00454,1.935,0.0274,0.103,14.29%,5.56%,-0.087
CLINICAL_METABOLIC_TEST.BLOOD_GLUCOSE.above_145,METABOLICOS.GLUCOSA.above_145,22,249,53,799,0.342,0.929,-2.853,3.85E-28,1.58E-26,0.045,0.867,1,0.141,0.359,0.541,0.033,6.96E-12,6.65E-11,-0.071,0.199,0.443,6.22%,8.12%,0.019
HEARING_HEALTH.MOBILITY_TOOTH,SALUD_DENTAL.MOVILIDAD_DIENTES,22,248,53,795,0.344,0.929,-1.862,2.8E-15,1.96E-14,0.178,0.507,1,0.272,0.0716,0.17,0.012,0.00557,0.0125,-0.165,0.0035,0.0209,6.25%,8.15%,0.019
REPRODUCTIVE_HEALTH.MENOPAUSE_HORMONAL_THERAPY_HRT,SALUD_REPRODUCTIVA.MENOPAUSIA_TERAPIA_HORMONAL_HRT,2,11,33,330,0.345,0.929,-3.203,0.0876,0.108,0.855,0.293,1,,,,-0.006,0.85,0.9,0.399,0.0495,0.165,9.09%,15.38%,0.063
REPRODUCTIVE_HEALTH.GONORRHEA,SALUD_REPRODUCTIVA.GONORREA,1,8,0,17,0.346,0.929,-19.667,0.994,1,28.755,1,1,17.287,0.995,1,0.044,0.178,0.255,-0.458,0.308,0.569,0.00%,11.11%,0.111
MEDICAL_RECORD.BLOOD_TRANSFUSIONS,HISTORIA_MEDICA.TRANSFUSIONES_SANG,7,70,68,976,0.347,0.929,-2.926,1.96E-13,1.05E-12,0.269,0.524,1,-0.851,0.00674,0.024,0.01,0.186,0.264,-0.051,0.59,0.793,6.51%,9.09%,0.026
MEDICAL_RECORD.TYPE2_DIABETES_AGE.above_40,HISTORIA_MEDICA.DIABETES_TIPO2_EDAD.above_40,11,95,2,42,0.347,0.929,-4.568,0.000233,0.000393,0.646,0.437,1,-0.265,0.543,0.723,0.097,0.0000172,0.0000645,0.168,0.32,0.584,4.55%,10.38%,0.058
REPRODUCTIVE_HEALTH.WEIGHT_FIRST_CHILD.above_4,SALUD_REPRODUCTIVA.PESO_PRIMER_HIJO.above_4,1,37,52,628,0.351,0.931,-4.558,3.01E-12,1.39E-11,-1.388,0.178,1,,,,0.033,0.00386,0.00885,-0.147,0.269,0.528,7.65%,2.63%,-0.05
INBODY.PBF_Percent_Body_Fat.above_34.6,INBODY.PBF_Percent_Body_Fat.above_34·6,60,767,14,248,0.352,0.931,1.305,0.00000088,0.00000204,0.256,0.476,1,-2.828,0,0,0.022,0.0000558,0.00018,0.026,0.688,0.858,5.34%,7.26%,0.019
INBODY.InBody_Score.above_55,INBODY.InBody_Score.above_55,51,756,23,259,0.359,0.938,1.322,0.0000000116,0.000000035,-0.216,0.418,1,0.834,0.00000113,0.00000641,-0.009,0.0367,0.0679,-0.072,0.185,0.422,8.16%,6.32%,-0.018
PERC_PHYSICAL.MOTHER_SMOKE,PERC_FISICA.MADRE_FUMABA,11,108,63,902,0.36,0.938,-2.673,3.16E-16,2.48E-15,0.284,0.412,1,0.018,0.932,0.981,0.011,0.0725,0.121,-0.053,0.485,0.715,6.53%,9.24%,0.027
DISEASE_FAMILY_MEMBERS.FATHER_INFARCTION,ENFERMEDAD_FAMILIARES.PADRE_INFARTO,13,138,55,828,0.361,0.938,-2.246,3.72E-14,2.28E-13,0.303,0.35,1,-0.263,0.193,0.356,0.011,0.0632,0.107,0.081,0.232,0.489,6.23%,8.61%,0.024
INBODY.BFM_of_Left_Leg.above_3.2,INBODY.BFM_of_Left_Leg.above_3·2,58,739,16,276,0.364,0.938,1.244,0.0000000549,0.000000151,0.29,0.342,1,-1.358,2.11E-20,3.04E-19,0.005,0.303,0.395,0.059,0.293,0.554,5.48%,7.28%,0.018
MEDICAL_RECORD.WEIGHT_INCREASE_PHYSICAL_ACT,HISTORIA_MEDICA.PESO_AUM_ACT_FISICA,5,173,6,119,0.37,0.938,1.476,0.000846,0.00132,-0.27,0.666,1,0.469,0.12,0.25,-0.026,0.00334,0.00775,0.001,0.996,1,4.80%,2.81%,-0.02
MEDICAL_RECORD.PRURITUS,HISTORIA_MEDICA.PRURITO,10,99,65,947,0.373,0.938,-2.257,6.09E-12,2.6E-11,0.357,0.321,1,-0.43,0.0732,0.173,0.002,0.705,0.776,-0.041,0.611,0.806,6.42%,9.17%,0.028
REPRODUCTIVE_HEALTH.MENARCHE.above_12,SALUD_REPRODUCTIVA.MENARCA.above_12,21,347,31,379,0.373,0.938,-0.799,0.000668,0.00105,-0.474,0.112,1,,,,0.015,0.00107,0.00269,-0.103,0.0829,0.24,7.56%,5.71%,-0.019
CLINICAL_METABOLIC_TEST.CHOLESTEROL.above_186,METABOLICOS.COLESTEROL.above_186,23,265,52,782,0.374,0.938,-2.051,6.89E-18,7.06E-17,0.114,0.666,1,-0.479,0.00265,0.0102,0.022,0.000000916,0.00000441,0.095,0.0759,0.226,6.24%,7.99%,0.018
MEDICAL_RECORD.MEDICINE_TREATMENT,HISTORIA_MEDICA.TRATA_MEDICAMENTO,18,195,6,106,0.377,0.938,-1.548,0.00356,0.00515,0.229,0.646,1,0.059,0.828,0.912,0.039,0.0000465,0.000154,0.084,0.379,0.637,5.36%,8.45%,0.031
INBODY.BFM_of_Trunk.above_19.9,INBODY.BFM_of_Trunk.above_19·9,22,248,52,767,0.379,0.938,-0.984,0.0000198,0.0000388,0.298,0.272,1,-0.816,0.00000305,0.0000165,0.001,0.859,0.906,0.14,0.0116,0.0522,6.35%,8.15%,0.018
HEARING_HEALTH.WORK_LOUD.above_3,SALUD_AUDITIVA.TRABAJA_RUIDOSO.above_3,8,83,67,965,0.381,0.938,-4.951,1.57E-27,6E-26,0.12,0.77,1,1.359,0.00000000453,0.0000000318,0.036,0.00000253,0.0000113,0.093,0.255,0.511,6.49%,8.79%,0.023
DISEASE_FAMILY_MEMBERS.FATHER_HYPERTENSION,ENFERMEDAD_FAMILIARES.PADRE_HIPERTENSION,20,238,46,727,0.381,0.938,-0.944,0.0000477,0.0000886,0.34,0.227,1,-0.33,0.0471,0.123,-0.002,0.619,0.701,0.137,0.0161,0.0676,5.95%,7.75%,0.018
INBODY.FFM_of_Left_Leg.above_6.11,INBODY.FFM_of_Left_Leg.above_6·11,31,486,43,529,0.381,0.938,0.796,0.00095,0.00147,-0.013,0.967,1,3.455,0,0,-0.037,5.64E-13,5.82E-12,0.162,0.00798,0.0388,7.52%,6.00%,-0.015
INBODY.Minerals.above_2.61,INBODY.Minerals.above_2·61,52,766,22,249,0.39,0.95,1.513,0.00000000223,0.00000000716,-0.095,0.745,1,3.189,6.69E-18,7.74E-17,-0.018,0.000255,0.000719,0.191,0.00208,0.0149,8.12%,6.36%,-0.018
MEDICAL_RECORD.BLURRED_VISION_DIABETES,HISTORIA_MEDICA.VISION_DISMINUIDA_DIABETES,11,129,17,130,0.39,0.95,-0.148,0.795,0.823,-0.515,0.214,1,-0.612,0.0246,0.0703,0.006,0.578,0.665,-0.153,0.112,0.299,11.56%,7.86%,-0.037
CLINICAL_METABOLIC_TEST.HEART_RATE.above_69,METABOLICOS.LATIDOS_POR_MIN.above_69,10,220,6,84,0.4,0.953,1.743,0.0000234,0.0000454,-0.412,0.451,1,-0.748,0.00679,0.024,-0.012,0.16,0.234,0.1,0.356,0.617,6.67%,4.35%,-0.023
MEDICAL_RECORD.PETS_VACCINATED,HISTORIA_MEDICA.MASCOTAS_VACUNADAS,32,525,9,109,0.402,0.953,1.042,0.00164,0.00246,-0.396,0.322,1,-0.143,0.529,0.707,0.011,0.0878,0.141,0.276,0.00126,0.0101,7.63%,5.75%,-0.019
INBODY.Weight.above_74.3,INBODY.Weight.above_74·3,41,504,33,511,0.404,0.953,0.149,0.451,0.491,0.319,0.198,1,0.563,0.0000353,0.000179,-0.007,0.0664,0.112,0.114,0.0182,0.0736,6.07%,7.52%,0.015
MEDICAL_RECORD.ACNE_PLACES.S,HISTORIA_MEDICA.ACNE_LUGARES.S,0,25,75,1018,0.405,0.953,-1.713,0.00362,0.00522,-26.804,1,1,0.213,0.627,0.778,-0.05,0.000638,0.00168,0.106,0.522,0.744,6.86%,0.00%,-0.069
PERC_PHYSICAL.APPEARANCE.above_0,PERC_FISICA.APARIENCIA.above_0,10,185,65,853,0.406,0.953,-0.655,0.007,0.00977,-0.144,0.686,1,0.686,0.0000411,0.000205,-0.024,0.00000337,0.0000147,-0.135,0.0397,0.14,7.08%,5.13%,-0.02
VISUAL_HEALTH.LENSES_CAUSES.2,SALUD_VISUAL.LENTES_CAUSAS.2,18,198,23,350,0.408,0.953,-0.889,0.00852,0.0118,0.286,0.388,1,0.063,0.742,0.855,0.006,0.366,0.46,0.034,0.61,0.806,6.17%,8.33%,0.022
CLINICAL_METABOLIC_TEST.BLOOD_GLUCOSE.above_112.5,METABOLICOS.GLUCOSA.above_112·5,41,514,34,534,0.412,0.953,-1.594,7.44E-15,4.96E-14,-0.031,0.902,1,0.03,0.823,0.911,0.032,1.36E-15,2.05E-14,-0.048,0.32,0.584,5.99%,7.39%,0.014
INBODY.BMI.above_34.4,INBODY.IMC.above_34·4,22,254,51,759,0.412,0.953,-1.159,0.000000551,0.00000134,0.228,0.401,1,-0.911,0.000000209,0.00000132,0.006,0.193,0.272,0.08,0.149,0.365,6.30%,7.97%,0.017
REPRODUCTIVE_HEALTH.MENARCHE.above_14,SALUD_REPRODUCTIVA.MENARCA.above_14,5,107,47,619,0.414,0.953,-1.955,0.0000000033,0.0000000104,-0.585,0.229,1,,,,0.004,0.512,0.602,-0.193,0.0241,0.0929,7.06%,4.46%,-0.026
MEDICAL_RECORD.CEREBRAL_STROKE,HISTORIA_MEDICA.INFARTO_CEREBRAL,3,24,72,1024,0.419,0.953,-5.319,1.01E-12,4.99E-12,0.401,0.528,1,0.644,0.106,0.231,0.025,0.0604,0.103,-0.211,0.169,0.399,6.57%,11.11%,0.045
CLINICAL_METABOLIC_TEST.BLOOD_PRESSURE_SIS.above_145,METABOLICOS.TENSION_ARTERIAL_SIS.above_145,21,243,54,805,0.419,0.953,-4.837,0,0,-0.183,0.532,1,0.365,0.0258,0.0729,0.067,1.9E-30,1.28E-28,-0.086,0.144,0.354,6.29%,7.95%,0.017
MEDICAL_RECORD.HEADACHE,HISTORIA_MEDICA.CEFALEA,17,189,58,849,0.42,0.953,-0.854,0.000442,0.00072,0.372,0.203,1,-0.52,0.00504,0.0185,-0.011,0.0268,0.0514,0.044,0.473,0.703,6.39%,8.25%,0.019
CLINICAL_METABOLIC_TEST.TRIGLYCERIDES.above_140,METABOLICOS.TRIGLICERIDOS.above_140,41,515,34,533,0.421,0.953,-0.821,0.000026,0.0000497,0.098,0.688,1,0.026,0.844,0.921,0.016,0.000026,0.0000926,0.027,0.566,0.774,6.00%,7.37%,0.014
INBODY.BMI_Body_Mass_Index.above_34.4,INBODY.BMI_Body_Mass_Index.above_34·4,22,252,52,763,0.424,0.953,-1.186,0.000000316,0.000000794,0.217,0.423,1,-0.887,0.000000434,0.00000264,0.006,0.181,0.258,0.073,0.184,0.422,6.38%,8.03%,0.016
MEDICAL_RECORD.ASTHMA,HISTORIA_MEDICA.ASMA,2,59,73,989,0.426,0.953,-1.921,0.00000205,0.00000452,-0.613,0.404,1,-0.913,0.0134,0.0423,-0.016,0.0579,0.0997,0.193,0.0642,0.198,6.87%,3.28%,-0.036
MEDICAL_RECORD.PANCREATITIS,HISTORIA_MEDICA.PANCREATITIS,1,7,74,1039,0.426,0.953,-6.166,0.0000019,0.00000422,0.658,0.547,1,-0.389,0.638,0.786,0.022,0.352,0.446,0.42,0.0877,0.251,6.65%,12.50%,0.059
HEARING_HEALTH.EXTRACTED_TEETH,SALUD_DENTAL.EXTRAIDO_DIENTES,53,686,22,362,0.428,0.953,-2.409,6.7E-25,1.51E-23,-0.312,0.276,1,-0.479,0.00213,0.00841,0.069,4.38E-42,1E-39,0.209,0.000454,0.00453,5.73%,7.17%,0.014
INBODY.BFM_PC__of_Right_Arm.above_322.35,INBODY.BFM_PC__of_Right_Arm.above_322·35,41,507,33,508,0.432,0.953,-0.626,0.0016,0.0024,0.124,0.613,1,-0.087,0.517,0.696,0.013,0.000659,0.00173,0.111,0.0212,0.0837,6.10%,7.48%,0.014
HEARING_HEALTH.LISTEN_NOISES.above_1,SALUD_AUDITIVA.ESCUCHAR_RUIDOS.above_1,6,58,69,990,0.433,0.953,-4.333,9.84E-19,1.1E-17,0.169,0.709,1,-0.268,0.358,0.54,0.03,0.00045,0.00123,-0.05,0.61,0.806,6.52%,9.38%,0.029
MEDICAL_RECORD.NAUSEA,HISTORIA_MEDICA.NAUSEA,6,58,69,989,0.433,0.953,-2.258,0.0000000223,0.000000065,0.441,0.332,1,-0.987,0.00724,0.0253,-0.008,0.358,0.452,-0.061,0.566,0.774,6.52%,9.38%,0.029
MEDICAL_RECORD.PRODUCTIVE_DRY_COUGH,HISTORIA_MEDICA.TOS_SECA_PRODUCTIVA,13,141,62,906,0.444,0.967,-1.278,0.00000216,0.00000473,0.407,0.207,1,0.035,0.853,0.925,-0.013,0.0216,0.0424,0.01,0.881,0.959,6.40%,8.44%,0.02
PAINS.STOMACH_PAIN_3M,DOLORES.DOLOR_ESTOMACAL_3M,3,27,72,1018,0.447,0.967,-2.825,0.000000567,0.00000138,0.62,0.326,1,-0.123,0.771,0.875,-0.018,0.142,0.213,0.136,0.354,0.616,6.61%,10.00%,0.034
INBODY.Obesity_Degree.above_162,INBODY.Obesity_Degree.above_162,22,254,52,761,0.447,0.967,-1.202,0.000000375,0.000000935,0.214,0.437,1,-1.428,7.51E-13,6.99E-12,0.008,0.0709,0.119,0.141,0.0125,0.0558,6.40%,7.97%,0.016
INBODY.TBW_Total_Body_Water.above_36.8,INBODY.TBW_Total_Body_Water.above_36·8,15,253,59,762,0.449,0.967,-0.959,0.000525,0.000845,-0.125,0.74,1,3.255,0,0,-0.034,0.00000000923,0.0000000601,0.212,0.00238,0.016,7.19%,5.60%,-0.016
ANTHROPOMETRY.HEIGHT.above_163.28,ANTROPOMETRIA.ESTATURA.above_163·28,15,254,60,781,0.455,0.977,-1.009,0.000791,0.00124,-0.104,0.797,1,3.964,0,0,-0.042,1.31E-10,0.00000000105,0.2,0.00763,0.0372,7.13%,5.58%,-0.016
INBODY.FFM_PC__of_Trunk.above_93.7,INBODY.FFM_PC__of_Trunk.above_93·7,59,763,15,252,0.459,0.978,1.881,6.25E-15,4.19E-14,0.407,0.178,1,0.421,0.00981,0.0325,-0.018,0.0000845,0.000265,-0.044,0.417,0.663,5.62%,7.18%,0.016
MEDICAL_RECORD.HYPERTHYROIDISM,HISTORIA_MEDICA.HIPERTIROIDISMO,1,8,73,1037,0.461,0.978,-6.003,0.0000011,0.00000251,0.424,0.695,1,-0.531,0.513,0.693,0.025,0.264,0.354,0.143,0.562,0.772,6.58%,11.11%,0.045
PERC_PHYSICAL.BREASTFEED,PERC_FISICA.AMAMANTADO,56,790,18,198,0.463,0.978,1.173,0.00000121,0.00000274,-0.279,0.329,1,-0.065,0.697,0.828,0.005,0.329,0.423,0.069,0.257,0.513,8.33%,6.62%,-0.017
CLINICAL_METABOLIC_TEST.TRIGLYCERIDES.above_200,METABOLICOS.TRIGLICERIDOS.above_200,21,247,54,801,0.466,0.978,-1.768,3.89E-14,2.37E-13,0.169,0.532,1,0.34,0.0231,0.0671,0.01,0.0297,0.056,0.065,0.229,0.482,6.32%,7.84%,0.015
VACCINATION.VAC_SEASONAL_INFLUENZA,VACUNACION.VAC_INFLUENZA_ESTA,58,764,16,271,0.466,0.978,0.858,0.0000922,0.000165,0.196,0.506,1,-0.485,0.000946,0.00395,0.007,0.117,0.179,0.078,0.153,0.371,5.57%,7.06%,0.015
MEDICAL_RECORD.EMERGENCY_SERVICE,HISTORIA_MEDICA.SERVICIO_URGENCIAS,4,66,24,236,0.471,0.978,-0.231,0.705,0.736,-0.409,0.47,1,-0.184,0.548,0.726,-0.018,0.101,0.158,-0.137,0.194,0.434,9.23%,5.71%,-0.035
MEDICAL_RECORD.ALLERGIES,HISTORIA_MEDICA.ALERGIAS,7,134,68,913,0.472,0.978,-1.735,0.00000000194,0.00000000627,-0.297,0.47,1,-0.435,0.0427,0.113,-0.003,0.654,0.73,0.223,0.00141,0.0109,6.93%,4.96%,-0.02
MEDICAL_RECORD.ARRHYTHMIAS,HISTORIA_MEDICA.ARRITMIAS,3,72,72,976,0.473,0.978,-3.02,3.48E-14,2.15E-13,-0.632,0.296,1,-0.157,0.557,0.732,0.009,0.228,0.313,0.078,0.39,0.642,6.87%,4.00%,-0.029
PAINS.HEAD_PAIN_3M,DOLORES.DOLOR_CABEZA_3M,3,76,71,971,0.477,0.982,-2.408,8.59E-11,3.23E-10,-0.599,0.322,1,-0.26,0.334,0.521,-0.002,0.831,0.887,0.055,0.542,0.756,6.81%,3.80%,-0.03
INBODY.Minerals.above_3.36,INBODY.Minerals.above_3·36,15,250,59,765,0.482,0.987,-0.624,0.0197,0.0259,-0.03,0.935,1,3.047,0,0,-0.039,2.24E-11,2.02E-10,0.178,0.00897,0.0425,7.16%,5.66%,-0.015
MEDICAL_RECORD.URINARY_INFECTION,HISTORIA_MEDICA.INFECCION_URINARIA,19,222,56,826,0.484,0.987,-1.132,0.00000261,0.00000564,0.242,0.396,1,-1.44,1.89E-11,1.6E-10,0.002,0.618,0.701,0.123,0.0375,0.133,6.35%,7.88%,0.015
REPRODUCTIVE_HEALTH.MAN_CHANGE_VOICE.above_2,SALUD_REPRODUCTIVA.HOMBRE_CAMBIO_VOZ.above_2,1,34,21,277,0.491,0.993,-1.381,0.0105,0.0143,-0.837,0.424,1,,,,-0.015,0.166,0.242,0.049,0.707,0.865,7.05%,2.86%,-0.042
PERC_PHYSICAL.GRAY_HAIRS_AGE.above_30,PERC_FISICA.CANAS_EDAD.above_30,43,553,18,181,0.493,0.993,-3.288,2.75E-15,1.94E-14,-0.75,0.0218,0.882,-0.339,0.0874,0.197,0.087,2.73E-26,1.31E-24,0.094,0.203,0.446,9.05%,7.21%,-0.018
INBODY.Height.above_163.2,INBODY.Height.above_163·2,15,249,59,766,0.493,0.993,-0.951,0.00179,0.00266,-0.093,0.819,1,3.979,0,0,-0.043,8.82E-11,7.33E-10,0.216,0.00459,0.026,7.15%,5.68%,-0.015
VACCINATION.VAC_TET_DIPHT_PERTOSUS,VACUNACION.VAC_TET_DIFTE_TOSFERINA,36,544,33,408,0.497,0.996,0.247,0.233,0.267,-0.202,0.424,1,-0.185,0.186,0.348,0.002,0.669,0.741,0.125,0.0128,0.0569,7.48%,6.21%,-0.013
INBODY.Obesity_Degree.above_141,INBODY.Obesity_Degree.above_141,40,500,34,515,0.499,0.996,0.019,0.927,0.94,0.15,0.553,1,-1.254,2.94E-18,3.64E-17,0.006,0.107,0.165,0.009,0.86,0.947,6.19%,7.41%,0.012
MEDICAL_RECORD.HEMOPTYSIS,HISTORIA_MEDICA.HEMOPTISIS,1,9,74,1036,0.501,0.996,-3.767,0.0000712,0.000129,0.64,0.553,1,0.072,0.918,0.974,-0.022,0.279,0.368,0.038,0.883,0.959,6.67%,10.00%,0.033
PAINS.KNEE_PAIN_3M,DOLORES.DOLOR_RODILLA_3M,17,197,58,849,0.507,0.997,-3.091,2.16E-27,7.49E-26,0.007,0.981,1,-0.242,0.161,0.317,0.033,1.19E-10,9.67E-10,0.089,0.129,0.328,6.39%,7.94%,0.015
CLINICAL_METABOLIC_TEST.BLOOD_PRESSURE_SIS.above_128,METABOLICOS.TENSION_ARTERIAL_SIS.above_128,40,510,35,538,0.508,0.997,-3.239,1.86E-39,2.66E-37,-0.293,0.276,1,0.88,0.00000000601,0.0000000416,0.061,1.5E-37,2.16E-35,-0.13,0.0159,0.0672,6.11%,7.27%,0.012
HEARING_HEALTH.FALLS_FREQ.above_1,SALUD_AUDITIVA.CAIDAS_FREC.above_1,1,37,74,993,0.51,0.997,-4.223,7.36E-13,3.7E-12,-1.201,0.241,1,-0.624,0.127,0.262,0.021,0.0461,0.0826,-0.105,0.419,0.665,6.94%,2.63%,-0.043
MENTAL_HEALTH.HURT_ONPURPOSE.above_1,SALUD_MENTAL.HERIDO_A_PROPOSITO.above_1,1,38,74,1009,0.511,0.997,-0.887,0.0538,0.0675,-0.529,0.609,1,-0.555,0.196,0.358,-0.055,0.00000262,0.0000116,-0.472,0.00212,0.015,6.83%,2.56%,-0.043
REPRODUCTIVE_HEALTH.HYSTERECTOMY,SALUD_REPRODUCTIVA.HISTERECTOMIA,8,87,45,640,0.513,0.997,-5.05,2.34E-25,5.59E-24,-0.101,0.809,1,,,,0.059,1.64E-12,1.63E-11,0.058,0.496,0.724,6.57%,8.42%,0.019
INBODY.Weight.above_64.125,INBODY.Weight.above_64·125,59,768,15,247,0.516,1,0.952,0.0000405,0.0000757,0.286,0.348,1,0.894,0.000000697,0.00000412,-0.001,0.817,0.874,0.161,0.0059,0.0312,5.73%,7.13%,0.014
REPRODUCTIVE_HEALTH.PREGNANCY_HEAVY_VAGINAL_BLEEDING,SALUD_REPRODUCTIVA.EMBARAZO_SANGRADO_VAGINAL_ABUND,4,35,49,633,0.521,1,-2.688,0.0000011,0.00000252,0.473,0.394,1,,,,-0.005,0.646,0.723,0.155,0.245,0.501,7.18%,10.26%,0.031
INBODY.BFM_Body_Fat_Mass.above_30.5,INBODY.BFM_Body_Fat_Mass.above_30·5,41,517,33,498,0.534,1,0.25,0.215,0.248,0.18,0.476,1,-1.135,7.47E-16,7.93E-15,0.002,0.558,0.647,0.066,0.177,0.41,6.21%,7.35%,0.011
HEARING_HEALTH.DENTAL_BLEEDING_GUMS.above_2,SALUD_DENTAL.DENTAL_SANGRADO_ENCIAS.above_2,1,10,74,1038,0.534,1,-3.069,0.000452,0.000734,0.706,0.513,1,0.412,0.516,0.696,-0.039,0.054,0.0937,-0.023,0.928,0.972,6.65%,9.09%,0.024
INBODY.BFM_of_Left_Leg.above_5.2,INBODY.BFM_of_Left_Leg.above_5·2,21,248,53,767,0.535,1,-0.89,0.000144,0.000253,0.243,0.383,1,-1.356,9.41E-12,8.25E-11,0.001,0.854,0.902,0.153,0.00721,0.0361,6.46%,7.81%,0.013
HEARING_HEALTH.CHEW_PAIN.above_1,SALUD_DENTAL.DOLOR_MASTICAR.above_1,4,41,71,1007,0.536,1,-3.543,2.05E-12,9.65E-12,0.278,0.61,1,0.316,0.323,0.509,0.004,0.645,0.723,-0.209,0.0915,0.258,6.59%,8.89%,0.023
MEDICAL_RECORD.DYSURIA,HISTORIA_MEDICA.DISURIA,5,99,70,949,0.538,1,-2.518,8.33E-14,4.85E-13,-0.43,0.368,1,-0.055,0.81,0.903,0.006,0.383,0.477,-0.041,0.613,0.807,6.87%,4.81%,-0.021
PERC_PHYSICAL.HAIR_FORM.above_O,PERC_FISICA.PELO_FORMA.above_O,9,106,66,942,0.556,1,-1.6,0.000000173,0.000000446,0.273,0.466,1,-0.34,0.143,0.287,-0.01,0.0966,0.153,-0.025,0.756,0.895,6.55%,7.83%,0.013
MEDICAL_RECORD.OLIGURIA,HISTORIA_MEDICA.OLIGURIA,4,44,71,1000,0.557,1,-3.837,3.93E-14,2.39E-13,0.151,0.781,1,0.361,0.24,0.407,0.012,0.218,0.301,-0.135,0.245,0.501,6.63%,8.33%,0.017
INBODY.Protein.above_7.4,INBODY.Protein.above_7·4,52,752,22,263,0.559,1,1.681,3.96E-11,1.53E-10,0.037,0.9,1,3.328,3.2E-19,4.37E-18,-0.024,0.00000246,0.000011,0.205,0.000911,0.0081,7.72%,6.47%,-0.013
VISUAL_HEALTH.LENSES_CAUSES.1,SALUD_VISUAL.LENTES_CAUSAS.1,7,119,34,429,0.559,1,1.159,0.00214,0.00317,0.141,0.752,1,0.292,0.211,0.372,-0.05,3.45E-11,3.02E-10,-0.101,0.246,0.501,7.34%,5.56%,-0.018
CLINICAL_METABOLIC_TEST.BLOOD_PRESSURE_SIS.above_114,METABOLICOS.TENSION_ARTERIAL_SIS.above_114,58,771,17,277,0.562,1,-2.008,1.01E-16,8.62E-16,-0.327,0.297,1,0.908,0.00000102,0.00000578,0.063,5.05E-32,4.46E-30,-0.017,0.78,0.909,5.78%,7.00%,0.012
REPRODUCTIVE_HEALTH.PATTERN_BALDNESS.above_2,SALUD_REPRODUCTIVA.PATRON_CALVICIE.above_2,5,55,17,263,0.562,1,-6.093,2.71E-13,1.42E-12,-0.057,0.921,1,,,,0.078,0.00000000222,0.0000000156,-0.012,0.916,0.97,6.07%,8.33%,0.023
INBODY.BMI_Body_Mass_Index.above_30,INBODY.BMI_Body_Mass_Index.above_30,40,506,34,509,0.564,1,0.077,0.697,0.729,0.148,0.549,1,-0.768,0.0000000199,0.000000133,0.003,0.448,0.54,0.012,0.799,0.918,6.26%,7.33%,0.011
HEARING_HEALTH.DIFFICULTY_SELFCARE.above_1,SALUD_AUDITIVA.DIFICULTAD_AUTOCUIDADO.above_1,1,11,74,1037,0.566,1,-6.824,0.0000000284,0.000000081,-0.047,0.965,1,0.26,0.666,0.807,0.039,0.0618,0.105,-0.307,0.181,0.417,6.66%,8.33%,0.017
DISEASE_FAMILY_MEMBERS.SIBLINGS_OTHER_DISEASE,ENFERMEDAD_FAMILIARES.HERMANOS_OTRA_ENFERMEDAD,2,54,68,932,0.577,1,-3.368,2.48E-13,1.3E-12,-0.776,0.291,1,-0.517,0.124,0.256,0.013,0.134,0.201,0.084,0.42,0.665,6.80%,3.57%,-0.032
MEDICAL_RECORD.MONTHS_INSULIN.above_2,HISTORIA_MEDICA.MESES_INSULINA.above_2,0,11,8,66,0.589,1,1.466,0.351,0.389,-29.945,1,1,-1.487,0.179,0.342,-0.054,0.0703,0.118,0.018,0.948,0.979,10.81%,0.00%,-0.108
VACCINATION.YEARS_VAC_SEASONAL_INFLUENZA.above_5,VACUNACION.ANIOS_VAC_INFLUE_EST.above_5,15,168,43,599,0.592,1,-2.187,4.44E-14,2.68E-13,0.105,0.74,1,-0.015,0.937,0.984,0.018,0.00118,0.00295,0.214,0.00122,0.01,6.70%,8.20%,0.015
MENTAL_HEALTH.FREQUENT_THINKING_SUICIDE.above_2,SALUD_MENTAL.FREC_PENSAR_SUICIDIO.above_2,0,17,9,141,0.6,1,-1.562,0.0484,0.0611,-19.544,0.999,1,-1.565,0.137,0.278,-0.01,0.598,0.683,-0.336,0.16,0.382,6.00%,0.00%,-0.06
INBODY.SMM_Skeletal_Muscle_Mass.above_20.3,INBODY.SMM_Skeletal_Muscle_Mass.above_20·3,53,762,21,253,0.602,1,1.759,8.4E-12,3.54E-11,0.055,0.853,1,3.261,1.61E-18,2.04E-17,-0.024,0.0000023,0.0000103,0.198,0.00151,0.0115,7.66%,6.50%,-0.012
DISEASE_FAMILY_MEMBERS.SIBLINGS_CANCER,ENFERMEDAD_FAMILIARES.HERMANOS_CANCER,5,58,68,951,0.608,1,-4.999,7.64E-21,1.12E-19,-0.141,0.775,1,-0.747,0.0219,0.0639,0.046,0.000000659,0.00000327,0.029,0.762,0.897,6.67%,7.94%,0.013
MEDICAL_RECORD.TYPE1_DIABETES,HISTORIA_MEDICA.DIABETES_TIPO1,6,47,22,219,0.608,1,-1.867,0.0119,0.0162,0.171,0.729,1,-0.442,0.226,0.391,0.008,0.552,0.641,-0.122,0.312,0.574,9.13%,11.32%,0.022
VACCINATION.QUANTITY_VAC_PNEUMOC.above_2,VACUNACION.CANTIDAD_VAC_NEUMOCOCO.above_2,0,16,11,120,0.61,1,-4.025,0.000139,0.000244,-20.66,0.999,1,0.61,0.294,0.474,0.033,0.0586,0.101,0.112,0.573,0.776,8.40%,0.00%,-0.084
MEDICAL_RECORD.ACNE_PLACES.INCLUDES_BACK,HISTORIA_MEDICA.ACNE_LUGARES.INC_ESPALDA,5,59,70,989,0.61,1,-1.387,0.000314,0.000522,0.541,0.277,1,0.534,0.0484,0.125,-0.038,0.0000126,0.0000491,0.195,0.0581,0.186,6.61%,7.81%,0.012
MEDICAL_RECORD.DEPRESSION_MOOD_DISTURB,HISTORIA_MEDICA.DEPRESION_ALTERACION_ANIMO,9,156,65,890,0.613,1,-1.54,0.0000000152,0.0000000454,-0.202,0.587,1,-0.77,0.000344,0.00154,-0.001,0.865,0.909,0.165,0.0128,0.0569,6.81%,5.45%,-0.014
CLINICAL_METABOLIC_TEST.LDL.above_103,METABOLICOS.LDL.above_103,19,231,56,814,0.614,1,-2.186,1.95E-18,2.07E-17,0.035,0.901,1,-0.371,0.0243,0.0698,0.021,0.000011,0.0000436,0.087,0.118,0.309,6.44%,7.60%,0.012
MENTAL_HEALTH.IDEATION_SUICIDE,SALUD_MENTAL.PENSADO_SUICIDARSE,9,158,66,888,0.614,1,-0.426,0.0972,0.118,-0.077,0.837,1,-0.485,0.0181,0.055,-0.025,0.00000382,0.0000165,-0.158,0.0269,0.101,6.92%,5.39%,-0.015
INBODY.BFM_Body_Fat_Mass.above_38.9,INBODY.BFM_Body_Fat_Mass.above_38·9,21,254,53,761,0.615,1,-1.012,0.0000128,0.0000255,0.189,0.494,1,-1.079,0.00000000399,0.0000000281,0.003,0.503,0.595,0.164,0.00331,0.0201,6.51%,7.64%,0.011
INBODY.FFM_of_Right_Arm.above_2.91,INBODY.FFM_of_Right_Arm.above_2·91,15,239,59,776,0.616,1,-1.31,0.00000264,0.00000571,-0.049,0.895,1,3.145,0,0,-0.027,0.00000188,0.0000086,0.145,0.0356,0.128,7.07%,5.91%,-0.012
MEDICAL_RECORD.ACNE_PLACES.INCLUDES_CHEST,HISTORIA_MEDICA.ACNE_LUGARES.INC_PECHO,0,14,75,1034,0.617,1,-3.149,0.000132,0.000234,-15.028,0.995,1,1.559,0.00595,0.0215,-0.046,0.0123,0.0257,0.229,0.259,0.515,6.76%,0.00%,-0.068
MEDICAL_RECORD.ACNE.above_1,HISTORIA_MEDICA.ACNE.above_1,3,65,72,977,0.617,1,-1.233,0.000761,0.00119,-0.197,0.747,1,-0.161,0.58,0.749,-0.032,0.00011,0.000337,-0.166,0.123,0.317,6.86%,4.41%,-0.025
REPRODUCTIVE_HEALTH.PREGNANT,SALUD_REPRODUCTIVA.EMBARAZADA,0,16,53,712,0.618,1,-2.371,0.00102,0.00158,-19.447,0.999,1,,,,-0.033,0.0531,0.0924,-0.243,0.28,0.541,6.93%,0.00%,-0.069
INBODY.FFM_PC__of_Left_Arm.above_104,INBODY.FFM_PC__of_Left_Arm.above_104,58,762,16,253,0.619,1,2.633,1.36E-23,2.74E-22,0.357,0.26,1,-1.713,3.96E-29,7.18E-28,-0.018,0.000257,0.000722,-0.046,0.428,0.67,5.95%,7.07%,0.011
INBODY.BFM_of_Left_Leg.above_4.1,INBODY.BFM_of_Left_Leg.above_4·1,40,511,34,504,0.62,1,0.359,0.0826,0.102,0.152,0.555,1,-1.544,2.26E-25,4.03E-24,0.002,0.644,0.723,0.03,0.554,0.766,6.32%,7.26%,0.009
MENTAL_HEALTH.CEREBROVASCULAR_DISEASE,SALUD_MENTAL.ENF_CEREBROVASCULAR,0,17,75,1028,0.622,1,-5.205,0.00000000139,0.00000000458,-19.922,0.999,1,0.885,0.0753,0.176,0.014,0.352,0.446,-0.13,0.494,0.721,6.80%,0.00%,-0.068
MEDICAL_RECORD.PERSONALITY_DISORDERS,HISTORIA_MEDICA.TRANSTORNOS_PERSONALIDAD,0,19,75,1025,0.632,1,-3.02,0.0000078,0.0000161,-25.432,1,1,0.14,0.78,0.882,-0.022,0.132,0.199,-0.118,0.539,0.753,6.82%,0.00%,-0.068
VISUAL_HEALTH.LENSES_CAUSES.7,SALUD_VISUAL.LENTES_CAUSAS.7,0,19,41,529,0.635,1,-3.83,0.0000472,0.0000878,-17.935,0.998,1,0.982,0.0402,0.107,0.002,0.92,0.951,-0.271,0.154,0.372,7.19%,0.00%,-0.072
MEDICAL_RECORD.PHYSICAL_ACT_TREATMENT,HISTORIA_MEDICA.TRATAMIENTO_ACT_FISICA,5,85,19,216,0.636,1,-0.054,0.92,0.934,-0.243,0.646,1,0.168,0.542,0.723,-0.017,0.0713,0.119,0.157,0.106,0.284,8.09%,5.56%,-0.025
VACCINATION.VAC_TETANUS_DIPHT,VACUNACION.VAC_TETANO_DIFTER,56,804,17,204,0.636,1,1.207,0.000000702,0.00000167,-0.212,0.467,1,-0.217,0.185,0.348,0.005,0.33,0.423,0.068,0.255,0.511,7.69%,6.51%,-0.012
MEDICAL_RECORD.HIGH_TG_CHOLESTEROL,HISTORIA_MEDICA.COLESTEROL_TRIGL_ALTO,24,301,51,747,0.636,1,-3.035,1.67E-32,1.06E-30,-0.152,0.569,1,-0.29,0.0582,0.144,0.044,2.06E-20,5.49E-19,0.072,0.168,0.398,6.39%,7.38%,0.01
VISUAL_HEALTH.COLOR_BLINDNESS,SALUD_VISUAL.DALTONISMO,6,71,69,977,0.636,1,-2.726,7.97E-13,3.99E-12,0.187,0.676,1,0.418,0.0887,0.199,-0.001,0.92,0.951,-0.043,0.645,0.822,6.60%,7.79%,0.012
VISUAL_HEALTH.CATARACTS.1,SALUD_VISUAL.CATARATAS.1,0,20,75,1028,0.639,1,-9.228,1.11E-12,5.35E-12,-18.059,0.997,1,1.168,0.016,0.0493,0.081,0.0000249,0.0000894,0.236,0.119,0.312,6.80%,0.00%,-0.068
INBODY.BMI.above_30,INBODY.IMC.above_30,39,505,34,508,0.639,1,0.094,0.634,0.67,0.128,0.608,1,-0.773,0.0000000161,0.00000011,0.003,0.498,0.591,0.018,0.714,0.871,6.27%,7.17%,0.009
HEARING_HEALTH.DIFFICULTY_WALKING_STEPS.above_1,SALUD_AUDITIVA.DIFICULTAD_CAMINA_ESCALONES.above_1,6,72,69,976,0.64,1,-5.926,1.89E-26,5.41E-25,-0.232,0.612,1,-0.103,0.693,0.828,0.061,2.52E-11,2.26E-10,-0.091,0.308,0.569,6.60%,7.69%,0.011
DISEASE_FAMILY_MEMBERS.FATHER_DIABETES,ENFERMEDAD_FAMILIARES.PADRE_DIABETES,19,230,52,746,0.641,1,-0.423,0.0648,0.0809,0.296,0.294,1,-0.015,0.926,0.977,-0.016,0.000558,0.0015,0.044,0.453,0.685,6.52%,7.63%,0.011
DISEASE_FAMILY_MEMBERS.FATHER_CANCER,ENFERMEDAD_FAMILIARES.PADRE_CANCER,4,79,64,885,0.647,1,-4.004,4.1E-20,5.59E-19,-0.529,0.32,1,-0.228,0.381,0.563,0.032,0.0000342,0.000117,0.056,0.512,0.736,6.74%,4.82%,-0.019
MEDICAL_RECORD.ANIMALS_FARM,HISTORIA_MEDICA.ANIMALES_GRANJA,11,127,64,918,0.647,1,-2.231,6.45E-14,3.81E-13,0.2,0.56,1,0.37,0.0526,0.133,0.003,0.643,0.722,-0.003,0.969,0.99,6.52%,7.97%,0.015
INBODY.BFM_of_Right_Leg.above_4.2,INBODY.BFM_of_Right_Leg.above_4·2,38,486,36,529,0.648,1,0.234,0.255,0.292,0.138,0.591,1,-1.484,3.59E-23,5.8E-22,0.002,0.639,0.718,0.019,0.702,0.865,6.37%,7.25%,0.009
INBODY.BFM_of_Left_Arm.above_2.4,INBODY.BFM_of_Left_Arm.above_2·4,39,500,35,515,0.652,1,0.082,0.686,0.719,0.1,0.693,1,-1.262,1.85E-18,2.32E-17,0.005,0.192,0.271,-0.006,0.896,0.959,6.36%,7.24%,0.009
MEDICAL_RECORD.TYPE1_DIABETES_AGE.above_38,HISTORIA_MEDICA.DIABETES_TIPO1_EDAD.above_38,3,31,3,16,0.655,1,-4.446,0.0245,0.0319,-1.341,0.209,1,-0.289,0.722,0.841,0.093,0.0103,0.0217,0.004,0.99,1,15.79%,8.82%,-0.07
MEDICAL_RECORD.GASTRIC_REFLUX,HISTORIA_MEDICA.REFLUJO_GASTRO,12,143,62,904,0.659,1,-1.987,2.51E-12,1.17E-11,0.208,0.531,1,-0.236,0.231,0.396,0.004,0.521,0.611,0.187,0.00486,0.0272,6.42%,7.74%,0.013
MEDICAL_RECORD.MONTHS_PILLS_SUGAR_CONTROL.above_4,HISTORIA_MEDICA.MESES_PASTI_CONTR_AZUCAR.above_4,2,15,17,169,0.664,1,-1.473,0.249,0.285,0.234,0.77,1,-0.143,0.818,0.908,-0.016,0.476,0.567,-0.217,0.302,0.563,9.14%,11.76%,0.026
CLINICAL_METABOLIC_TEST.BLOOD_PRESSURE_DIA.above_88,METABOLICOS.TENSION_ARTERIAL_DIA.above_88,16,254,59,794,0.668,1,-1.73,9.93E-14,5.64E-13,-0.22,0.457,1,0.59,0.0000626,0.000306,0.008,0.0743,0.123,0.051,0.347,0.608,6.92%,5.93%,-0.01
INBODY.FFM_of_Trunk.above_23.5,INBODY.FFM_of_Trunk.above_23·5,16,249,58,766,0.672,1,-0.813,0.00258,0.00379,0.067,0.853,1,3.069,0,0,-0.035,8.83E-10,0.00000000654,0.205,0.00272,0.0174,7.04%,6.04%,-0.01
MEDICAL_RECORD.TYPE1_DIABETES_AGE.above_46,HISTORIA_MEDICA.DIABETES_TIPO1_EDAD.above_46,2,22,4,25,0.678,1,-15.077,0.00115,0.00176,-2.055,0.159,1,-0.387,0.757,0.862,0.261,0.0016,0.00391,0.234,0.626,0.812,13.79%,8.33%,-0.055
MEDICAL_RECORD.PRE_DIABETES_AGE.above_50,HISTORIA_MEDICA.PRE_DIABETES_EDAD.above_50,2,33,4,36,0.679,1,-13.739,0.0000676,0.000124,-1.377,0.346,1,-1.033,0.309,0.493,0.251,0.0000803,0.000254,-0.177,0.569,0.775,10.00%,5.71%,-0.043
MEDICAL_RECORD.STABLE_ANGINA_PECTORIS,HISTORIA_MEDICA.ANGINA_PECHO_ESTABLE,2,23,73,1025,0.681,1,-4.907,4.53E-11,1.74E-10,-0.015,0.984,1,-0.705,0.168,0.327,0.025,0.0625,0.106,-0.126,0.428,0.67,6.65%,8.00%,0.014
REPRODUCTIVE_HEALTH.OOPHORECTOMY.1,SALUD_REPRODUCTIVA.OOFORECTOMIA.1,2,23,51,707,0.684,1,-4.624,2.92E-10,0.00000000103,0.03,0.969,1,,,,0.024,0.0724,0.121,0.067,0.669,0.84,6.73%,8.00%,0.013
INBODY.FFM_of_Left_Arm.above_2,INBODY.FFM_of_Left_Arm.above_2,48,689,26,326,0.684,1,1.107,0.00000149,0.00000335,0.007,0.98,1,2.306,8.79E-25,1.49E-23,-0.017,0.000147,0.000437,0.048,0.385,0.64,7.39%,6.51%,-0.009
MEDICAL_RECORD.CARDIO_CHEST_PAIN_SWEAT,HISTORIA_MEDICA.CARDIO_DOLOR_PECHO_SUDOR,8,99,67,949,0.685,1,-2.206,1.32E-11,5.41E-11,0.13,0.74,1,-0.12,0.599,0.762,0,0.96,0.976,-0.048,0.549,0.764,6.59%,7.48%,0.009
MEDICAL_RECORD.OBESITY,HISTORIA_MEDICA.OBESIDAD,27,346,48,702,0.687,1,-0.274,0.181,0.212,0.19,0.455,1,-0.733,0.0000012,0.00000674,-0.005,0.201,0.282,0.115,0.0231,0.0895,6.40%,7.24%,0.008
MEDICAL_RECORD.SMOKE_FREQUENCY.above_6,HISTORIA_MEDICA.HUMO_FRECUENCIA.above_6,1,26,9,108,0.688,1,-1.752,0.0147,0.0197,-0.603,0.587,1,-0.444,0.383,0.563,0.007,0.656,0.73,-0.648,0.00264,0.0171,7.69%,3.70%,-0.04
MEDICAL_RECORD.ECZEMA_RHINITIS,HISTORIA_MEDICA.ECCEMA_RINITIS,2,24,72,1018,0.689,1,-4.36,2.63E-10,9.3E-10,0.074,0.922,1,-0.956,0.0829,0.19,0.016,0.21,0.293,0.144,0.335,0.6,6.61%,7.69%,0.011
HEARING_HEALTH.NOISES_LEVEL_ANNOYANCE.above_1,SALUD_AUDITIVA.RUIDOS_NIVEL_MOLESTIA.above_1,1,25,14,147,0.698,1,-1.609,0.0207,0.0271,-0.822,0.439,1,-0.257,0.642,0.789,-0.003,0.843,0.897,0.151,0.391,0.642,8.70%,3.85%,-0.048
REPRODUCTIVE_HEALTH.CESAREAN_SECTIONS.above_2,SALUD_REPRODUCTIVA.CESAREAS.above_2,9,113,44,617,0.699,1,-2.612,1.83E-14,1.15E-13,0.006,0.989,1,,,,0.019,0.00418,0.00954,0.113,0.149,0.364,6.66%,7.38%,0.007
MEDICAL_RECORD.WEIGHT_MEDICINE_LOSE_WEIGHT,HISTORIA_MEDICA.PESO_MEDICINA_PERDER_PESO,1,45,12,247,0.7,1,-1.216,0.0347,0.0446,-0.902,0.394,1,-1.567,0.0109,0.0353,-0.006,0.598,0.683,0.042,0.747,0.892,4.63%,2.17%,-0.025
MEDICAL_RECORD.TYPE2_DIABETES_AGE.above_55,HISTORIA_MEDICA.DIABETES_TIPO2_EDAD.above_55,3,23,10,114,0.7,1,-10.121,0.00000127,0.00000287,0.105,0.893,1,0.104,0.84,0.921,0.135,0.0000304,0.000106,-0.062,0.719,0.876,8.06%,11.54%,0.035
REPRODUCTIVE_HEALTH.DAYS_MENSTRUAL_CYCLE.above_28,SALUD_REPRODUCTIVA.DIAS_PERIODO_MENSTRUAL.above_28,11,175,42,551,0.7,1,-0.694,0.00884,0.0122,-0.15,0.671,1,,,,-0.01,0.0795,0.13,-0.126,0.0745,0.222,7.08%,5.91%,-0.012
MEDICAL_RECORD.DYSPNOEA,HISTORIA_MEDICA.DISNEA,9,115,66,933,0.706,1,-2.339,1.38E-13,7.69E-13,0.019,0.959,1,-0.591,0.0113,0.0362,0.008,0.176,0.254,-0.066,0.381,0.637,6.61%,7.26%,0.007
MEDICAL_RECORD.HYPOTHYROIDISM,HISTORIA_MEDICA.HIPOTIROIDISMO,2,26,72,1021,0.707,1,-5.908,9.98E-14,5.64E-13,-0.033,0.966,1,-1.996,0.00733,0.0255,0.045,0.000906,0.00233,0.506,0.000197,0.0024,6.59%,7.14%,0.006
REPRODUCTIVE_HEALTH.ABDOMINAL_PAIN.above_1,SALUD_REPRODUCTIVA.DOLOR_ABDOMINAL.above_1,14,218,39,512,0.708,1,-0.312,0.208,0.241,-0.066,0.841,1,,,,-0.012,0.0208,0.041,0.029,0.648,0.823,7.08%,6.03%,-0.01
INBODY.FFM_PC__of_Left_Arm.above_130.2,INBODY.FFM_PC__of_Left_Arm.above_130·2,17,260,57,755,0.715,1,-1.145,0.00000194,0.00000428,-0.252,0.403,1,-2.225,3.54E-18,4.33E-17,0.01,0.0284,0.054,-0.009,0.875,0.958,7.02%,6.14%,-0.009
MEDICAL_RECORD.BLISTER_VESICLES,HISTORIA_MEDICA.VESICULAS_AMPOLLAS,1,29,74,1017,0.716,1,-3.169,0.0000000273,0.0000000783,-0.681,0.508,1,0.017,0.967,1,-0.008,0.476,0.567,-0.026,0.858,0.947,6.78%,3.33%,-0.034
MEDICAL_RECORD.FIBROMYALGIA,HISTORIA_MEDICA.FIBROMIALGIA,1,30,74,1016,0.717,1,-4.188,2.71E-11,1.06E-10,-0.928,0.367,1,-0.503,0.253,0.423,0.016,0.173,0.25,-0.094,0.513,0.736,6.79%,3.23%,-0.036
HEARING_HEALTH.DIFFICULTY_REMEMBER_CONCENTRATION.above_1,SALUD_AUDITIVA.DIFICULTAD_RECORDAR_CONCENT.above_1,1,33,74,1015,0.722,1,-2.674,0.00000033,0.000000828,-0.793,0.44,1,-0.486,0.261,0.434,-0.014,0.221,0.304,-0.179,0.221,0.472,6.80%,2.94%,-0.039
PERC_PHYSICAL.SKIN_EXPOSURE_TIMES_15.above_1,PERC_FISICA.PIEL_VECES_EXPOSICION_15.above_1,10,166,52,717,0.724,1,-0.44,0.0929,0.113,0.025,0.946,1,0.248,0.175,0.338,-0.024,0.0000152,0.0000575,-0.012,0.862,0.947,6.76%,5.68%,-0.011
INBODY.FFM_PC__of_Right_Arm.above_131.87,INBODY.FFM_PC__of_Right_Arm.above_131·87,21,262,53,753,0.727,1,-1.144,0.00000192,0.00000425,0.036,0.899,1,-2.332,6.13E-19,8.09E-18,0.011,0.0216,0.0424,-0.046,0.429,0.67,6.58%,7.42%,0.008
MEDICAL_RECORD.PERIPHERAL_EDEMA,HISTORIA_MEDICA.EDEMA_PERIFERICO,14,172,61,876,0.729,1,-1.638,3.46E-10,0.00000000121,0.126,0.687,1,-0.52,0.00674,0.024,0.003,0.541,0.632,-0.009,0.885,0.959,6.51%,7.53%,0.01
VACCINATION.QUANTITY_VAC_PNEUMOC.above_1,VACUNACION.CANTIDAD_VAC_NEUMOCOCO.above_1,2,36,9,100,0.729,1,-2.239,0.000632,0.001,-0.579,0.483,1,-0.243,0.611,0.767,0.024,0.0398,0.0728,-0.042,0.786,0.91,8.26%,5.26%,-0.03
MEDICAL_RECORD.WEIGHT_DISM_SIZE_PORTION,HISTORIA_MEDICA.PESO_DISM_TAM_PORCION,9,231,3,66,0.734,1,0.957,0.0466,0.0588,-0.268,0.697,1,-0.346,0.27,0.446,0.008,0.392,0.485,0.004,0.974,0.992,4.35%,3.75%,-0.006
INBODY.BFM_of_Trunk.above_16,INBODY.BFM_of_Trunk.above_16,39,507,35,508,0.736,1,0.224,0.262,0.299,0.114,0.645,1,-0.89,1.19E-10,9.67E-10,0.001,0.87,0.913,0.042,0.381,0.637,6.45%,7.14%,0.007
MEDICAL_RECORD.VOMITING,HISTORIA_MEDICA.VOMITO,3,35,72,1012,0.737,1,-3.08,0.00000000563,0.0000000177,0.193,0.756,1,-1.076,0.027,0.0758,-0.001,0.906,0.944,0.02,0.879,0.959,6.64%,7.89%,0.013
INBODY.FFM_of_Right_Arm.above_2,INBODY.FFM_of_Right_Arm.above_2,50,712,24,303,0.737,1,1.258,0.0000000972,0.000000259,0.015,0.956,1,2.435,3.46E-23,5.69E-22,-0.018,0.000106,0.000325,-0.007,0.897,0.959,7.34%,6.56%,-0.008
PERC_PHYSICAL.FRECKLES.above_1,PERC_FISICA.PECAS.above_1,3,35,72,999,0.739,1,-1.522,0.00174,0.0026,0.491,0.436,1,-1.23,0.0215,0.0629,-0.037,0.00137,0.00339,-0.012,0.935,0.974,6.72%,7.89%,0.012
MEDICAL_RECORD.SMOKE_FREQUENCY.above_1,HISTORIA_MEDICA.HUMO_FRECUENCIA.above_1,6,88,4,46,0.739,1,0.604,0.276,0.314,-0.196,0.772,1,-0.067,0.858,0.93,0.002,0.881,0.923,-0.124,0.379,0.637,8.00%,6.38%,-0.016
MEDICAL_RECORD.MONTHS_PILLS_SUGAR_CONTROL.above_2,HISTORIA_MEDICA.MESES_PASTI_CONTR_AZUCAR.above_2,2,28,17,156,0.745,1,-1.463,0.144,0.171,-0.448,0.565,1,-0.504,0.316,0.5,-0.002,0.897,0.937,-0.049,0.751,0.894,9.83%,6.67%,-0.032
INBODY.BMR_Basal_Metabolic_Rate.above_1184,INBODY.BMR_Basal_Metabolic_Rate.above_1184,54,765,20,250,0.748,1,1.534,0.00000000144,0.00000000473,0.075,0.803,1,3.188,7.08E-18,8.09E-17,-0.019,0.000169,0.000499,0.192,0.00197,0.0144,7.41%,6.59%,-0.008
REPRODUCTIVE_HEALTH.THREATENED_ABORTION,SALUD_REPRODUCTIVA.AMENAZA_ABORTO,10,145,43,522,0.752,1,-0.973,0.00139,0.0021,-0.071,0.846,1,,,,-0.007,0.235,0.321,0.192,0.0101,0.0463,7.61%,6.45%,-0.012
MEDICAL_RECORD.DAMAGE_RETINA,HISTORIA_MEDICA.DANO_RETINA,2,36,26,266,0.755,1,-2.63,0.00169,0.00253,-0.654,0.391,1,-0.047,0.902,0.965,0.011,0.439,0.532,-0.046,0.722,0.878,8.90%,5.26%,-0.036
MEDICAL_RECORD.HIGH_PRESSURE_PILLS,HISTORIA_MEDICA.PASTILLAS_PRESION_ALTA,24,269,4,36,0.76,1,-1.739,0.0178,0.0236,-0.891,0.143,1,-0.009,0.983,1,0.071,0.00000089,0.00000431,0.191,0.196,0.438,10.00%,8.19%,-0.018
INBODY.TBW_Total_Body_Water.above_27.7,INBODY.TBW_Total_Body_Water.above_27·7,54,764,20,251,0.763,1,1.573,6.03E-10,0.00000000205,0.09,0.762,1,3.205,5.03E-18,6.01E-17,-0.02,0.0000796,0.000252,0.199,0.00139,0.0109,7.38%,6.60%,-0.008
MEDICAL_RECORD.DIS_GASTRIC_GASTRITIS,HISTORIA_MEDICA.ENF_GASTRO_GASTRITIS,24,309,51,733,0.766,1,-0.634,0.00288,0.0042,0.105,0.69,1,-0.859,0.0000000877,0.000000569,0,0.988,0.997,-0.01,0.855,0.944,6.51%,7.21%,0.007
REPRODUCTIVE_HEALTH.GROW_FACIAL_HAIR.above_2,SALUD_REPRODUCTIVA.CRECE_VELLO_FACIAL.above_2,4,50,18,262,0.766,1,-0.801,0.081,0.1,0.281,0.633,1,,,,-0.018,0.0486,0.0862,0.098,0.372,0.633,6.43%,7.41%,0.01
PERC_PHYSICAL.GRAY_HAIRS_AGE.above_40,PERC_FISICA.CANAS_EDAD.above_40,28,316,33,418,0.766,1,-4.888,2.51E-29,1.15E-27,-0.233,0.429,1,0.006,0.973,1,0.082,2.4E-27,1.2E-25,0.107,0.0736,0.221,7.32%,8.14%,0.008
MEDICAL_RECORD.TYPE2_DIABETES,HISTORIA_MEDICA.DIABETES_TIPO2,13,136,15,129,0.769,1,-0.636,0.257,0.294,-0.217,0.59,1,0.32,0.228,0.392,0.01,0.286,0.376,-0.076,0.407,0.655,10.42%,8.72%,-0.017
MEDICAL_RECORD.WEIGHT_RECOM_PROF_HEALTH,HISTORIA_MEDICA.PESO_RECOM_PROF_SALUD,6,127,6,165,0.769,1,-0.838,0.0463,0.0585,0.138,0.817,1,-0.126,0.657,0.8,0.014,0.106,0.164,-0.049,0.591,0.794,3.51%,4.51%,0.01
HEARING_HEALTH.LOUD_MUSIC.above_1,SALUD_AUDITIVA.MUSICA_ALTA.above_1,11,134,64,914,0.771,1,-0.831,0.00235,0.00346,0.418,0.231,1,0.249,0.201,0.365,-0.027,0.0000049,0.0000203,0.197,0.00561,0.0301,6.54%,7.59%,0.01
PERC_PHYSICAL.SKIN_EXPOSURE_TIMES_15.above_3,PERC_FISICA.PIEL_VECES_EXPOSICION_15.above_3,4,49,58,834,0.772,1,-1.01,0.0147,0.0197,0.557,0.314,1,0.182,0.561,0.734,-0.042,0.0000119,0.0000469,-0.186,0.126,0.322,6.50%,7.55%,0.01
MEDICAL_RECORD.TYPE2_DIABETES_AGE.above_48,HISTORIA_MEDICA.DIABETES_TIPO2_EDAD.above_48,5,60,8,77,0.777,1,-7.404,0.000000159,0.000000412,-0.736,0.284,1,-0.433,0.304,0.487,0.124,0.000000267,0.00000141,0.07,0.638,0.816,9.41%,7.69%,-0.017
INBODY.BFM_of_Right_Leg.above_5.2,INBODY.BFM_of_Right_Leg.above_5·2,20,252,54,763,0.777,1,-0.88,0.000163,0.000283,0.149,0.596,1,-1.337,1.11E-11,9.59E-11,0.001,0.828,0.884,0.159,0.00502,0.028,6.61%,7.35%,0.007
VISUAL_HEALTH.GLASSES_CONTACT_LENSES,SALUD_VISUAL.ANTEOJOS_LENTES_CONTACTO,41,548,34,500,0.781,1,-2.281,5.88E-25,1.35E-23,-0.287,0.26,1,-0.334,0.0189,0.0567,0.051,9.94E-31,7.12E-29,0.212,0.0000487,0.000887,6.37%,6.96%,0.006
PERC_PHYSICAL.HAIR_COLOR.above_C,PERC_FISICA.COLOR_PELO.above_C,64,883,10,161,0.784,1,2.472,1.16E-17,1.18E-16,0.29,0.415,1,0.774,0.000215,0.000992,-0.019,0.000422,0.00116,-0.124,0.0528,0.172,5.85%,6.76%,0.009
MEDICAL_RECORD.KIDNEY_STONES,HISTORIA_MEDICA.CALCULOS_RENALES,3,58,72,990,0.792,1,-3.943,5.39E-17,5.02E-16,-0.474,0.436,1,0.031,0.913,0.973,0.021,0.0129,0.0268,0.15,0.121,0.314,6.78%,4.92%,-0.019
MEDICAL_RECORD.ANEMIA,HISTORIA_MEDICA.ANEMIA,12,187,63,858,0.796,1,-0.811,0.00151,0.00228,-0.071,0.833,1,-2.227,2.73E-12,2.5E-11,-0.007,0.154,0.227,0.102,0.119,0.312,6.84%,6.03%,-0.008
INBODY.Weight.above_86.7,INBODY.Weight.above_86·7,17,254,57,761,0.799,1,-0.82,0.000295,0.000493,0.016,0.957,1,0.745,0.000000708,0.00000416,-0.012,0.00798,0.0172,0.207,0.000209,0.00249,6.97%,6.27%,-0.007
INBODY.FFM_of_Left_Arm.above_2.91,INBODY.FFM_of_Left_Arm.above_2·91,15,226,59,789,0.799,1,-1.17,0.0000263,0.0000501,0.106,0.774,1,3.077,0,0,-0.032,0.000000046,0.000000273,0.128,0.0631,0.195,6.96%,6.22%,-0.007
INBODY.FFM_of_Trunk.above_17.7,INBODY.FFM_of_Trunk.above_17·7,54,761,20,254,0.807,1,1.771,4.48E-12,1.99E-11,0.134,0.653,1,2.901,1.83E-19,2.6E-18,-0.024,0.00000193,0.0000088,0.17,0.00551,0.0298,7.30%,6.63%,-0.007
MEDICAL_RECORD.URTICARIA,HISTORIA_MEDICA.URTICARIA,5,66,70,980,0.807,1,-1.973,0.000000144,0.000000374,0.158,0.746,1,-0.374,0.204,0.365,-0.013,0.089,0.142,-0.078,0.44,0.675,6.67%,7.04%,0.004
VISUAL_HEALTH.SIGHT_SURGERY,SALUD_VISUAL.VISTA_OPERACION,6,74,69,972,0.815,1,-7.369,5.57E-30,2.78E-28,-0.327,0.484,1,0.221,0.382,0.563,0.083,2.29E-16,3.99E-15,0.094,0.272,0.532,6.63%,7.50%,0.009
MEDICAL_RECORD.PRE_DIABETES,HISTORIA_MEDICA.PRE_DIABETES,6,68,22,195,0.82,1,0.147,0.813,0.84,-0.204,0.676,1,-0.225,0.478,0.658,-0.02,0.0672,0.113,0.075,0.489,0.719,10.14%,8.11%,-0.02
DISEASE_FAMILY_MEMBERS.MOTHER_INFARCTION,ENFERMEDAD_FAMILIARES.MADRE_INFARTO,6,81,65,935,0.822,1,-3.237,7.14E-17,6.4E-16,-0.104,0.816,1,-0.384,0.141,0.284,0.018,0.0134,0.0276,-0.162,0.0719,0.216,6.50%,6.90%,0.004
PERC_PHYSICAL.SKIN_EXPOSURE_TIMES_15.above_2,PERC_FISICA.PIEL_VECES_EXPOSICION_15.above_2,6,82,56,801,0.823,1,-1.053,0.00191,0.00284,0.306,0.5,1,0.336,0.164,0.322,-0.029,0.0000823,0.000259,-0.078,0.394,0.644,6.53%,6.82%,0.003
ANTHROPOMETRY.MENSTRUAL_CYCLE,ANTROPOMETRIA.PERIODO_MENSTRUAL,5,87,47,632,0.824,1,-0.699,0.0393,0.0502,0.003,0.995,1,-349.862,1,1,-0.029,0.000118,0.000359,0.071,0.457,0.687,6.92%,5.43%,-0.015
REPRODUCTIVE_HEALTH.PREGNANCY_EARLY_LABOR,SALUD_REPRODUCTIVA.EMBARAZO_PARTO_PREMATURO,7,80,46,585,0.826,1,-2.295,0.00000000652,0.0000000204,0.127,0.766,1,,,,0.006,0.47,0.562,0.185,0.0419,0.146,7.29%,8.05%,0.008
ANTHROPOMETRY.LIGHT_CLOTHING,ANTROPOMETRIA.ROPA_LIGERA,70,953,5,83,0.827,1,3.619,8.58E-20,1.08E-18,0.34,0.48,1,-0.369,0.111,0.238,-0.021,0.00415,0.00947,-0.084,0.309,0.57,5.68%,6.84%,0.012
MEDICAL_RECORD.PILLS_CONTROL_SUGAR,HISTORIA_MEDICA.PASTILL_CONTROL_AZUCAR,19,183,9,77,0.829,1,-0.394,0.518,0.557,-0.202,0.641,1,-0.277,0.34,0.525,0.024,0.0274,0.0524,0.142,0.181,0.417,10.47%,9.41%,-0.011
PAINS.NECK_SHOULDER_PAIN,DOLORES.DOLOR_CUELLO_HOMBROS,6,100,69,947,0.838,1,-3.188,9.7E-19,1.09E-17,-0.335,0.448,1,-0.416,0.082,0.189,0.021,0.00177,0.00427,0.102,0.185,0.422,6.79%,5.66%,-0.011
REPRODUCTIVE_HEALTH.PREGNANCY_ANEMIA,SALUD_REPRODUCTIVA.EMBARAZO_ANEMIA_ENSASALU,7,102,46,565,0.843,1,-0.457,0.18,0.211,0.101,0.815,1,,,,-0.029,0.0000913,0.000284,0.248,0.00518,0.0286,7.53%,6.42%,-0.011
INBODY.FFM_PC__of_Trunk.above_99.2,INBODY.FFM_PC__of_Trunk.above_99·2,36,513,38,502,0.846,1,0.237,0.229,0.263,-0.034,0.888,1,0.354,0.0084,0.0284,-0.006,0.0948,0.15,-0.09,0.0608,0.192,7.04%,6.56%,-0.005
REPRODUCTIVE_HEALTH.REGULAR_PERIODS,SALUD_REPRODUCTIVA.PERIODOS_REGULARES,41,549,12,181,0.852,1,-0.526,0.046,0.0583,-0.149,0.671,1,,,,0.036,3.83E-10,0.00000000297,0.151,0.0401,0.141,6.22%,6.95%,0.007
MEDICAL_RECORD.COGNITIVE_MEM_PROB,HISTORIA_MEDICA.PROB_MEM_COGNITIVAS,9,144,66,903,0.861,1,-2.804,4.67E-20,6.23E-19,-0.323,0.384,1,-0.266,0.178,0.341,0.021,0.000228,0.000654,-0.016,0.809,0.921,6.81%,5.88%,-0.009
INBODY.BFM_of_Right_Arm.above_2.4,INBODY.BFM_of_Right_Arm.above_2·4,37,490,37,525,0.868,1,0.061,0.764,0.791,0.031,0.904,1,-1.299,4.59E-19,6.19E-18,0.005,0.219,0.302,0.007,0.887,0.959,6.58%,7.02%,0.004
VACCINATION.VAC_PNEUMOCOCCUS,VACUNACION.VAC_NEUMOCOCO,11,137,62,861,0.885,1,-2.186,2.82E-13,1.46E-12,0.016,0.962,1,-0.482,0.0233,0.0676,0.01,0.0897,0.143,-0.043,0.532,0.75,6.72%,7.43%,0.007
ANTHROPOMETRY.WAIST_CIRCUMFERENCE.above_100.6,ANTROPOMETRIA.CIRCUNFERENCIA_CINTURA.above_100·6,39,522,36,512,0.893,1,-0.974,0.00000091,0.0000021,-0.106,0.663,1,-0.053,0.693,0.828,0.021,0.0000000801,0.000000452,0.02,0.682,0.854,6.57%,6.95%,0.004
VACCINATION.YEARS_VAC_SEASONAL_INFLUENZA.above_2,VACUNACION.ANIOS_VAC_INFLUE_EST.above_2,38,490,20,277,0.914,1,-0.31,0.184,0.215,-0.061,0.834,1,-0.325,0.0507,0.13,0.02,0.0000249,0.0000894,0.198,0.00117,0.00965,6.73%,7.20%,0.005
INBODY.FFM_PC__of_Right_Arm.above_106.12,INBODY.FFM_PC__of_Right_Arm.above_106·12,55,767,19,248,0.92,1,2.308,2.38E-19,2.87E-18,0,1,1,-1.747,3.24E-30,6.19E-29,-0.01,0.0341,0.0634,-0.053,0.361,0.623,7.12%,6.69%,-0.004
CLINICAL_METABOLIC_TEST.BLOOD_GLUCOSE.above_98,METABOLICOS.GLUCOSA.above_98,56,770,19,278,0.928,1,-0.735,0.000701,0.0011,-0.276,0.335,1,-0.041,0.794,0.892,0.039,7.37E-17,1.43E-15,-0.04,0.481,0.711,6.40%,6.78%,0.004
MEDICAL_RECORD.EXP_ENV_POLLUTION,HISTORIA_MEDICA.EXP_CONTAM_AMBIENTAL,12,180,62,865,0.95,1,-1.076,0.0000151,0.0000298,0.074,0.825,1,0.834,0.000000523,0.00000312,-0.017,0.000799,0.00209,0.068,0.288,0.552,6.69%,6.25%,-0.004
MEDICAL_RECORD.SMOKE_BIOMAS,HISTORIA_MEDICA.HUMO_BIOMASA,10,130,65,915,0.964,1,-1.306,0.00000269,0.00000579,0.202,0.571,1,0.162,0.408,0.59,-0.015,0.00998,0.0212,-0.044,0.55,0.764,6.63%,7.14%,0.005
INBODY.FFM_PC__of_Trunk.above_104.7,INBODY.FFM_PC__of_Trunk.above_104·7,18,256,56,759,0.974,1,-0.689,0.00187,0.00278,0.025,0.929,1,0.196,0.196,0.358,-0.01,0.0325,0.0606,-0.074,0.186,0.423,6.87%,6.57%,-0.003
REPRODUCTIVE_HEALTH.LACTATION_MONTHS.above_4,SALUD_REPRODUCTIVA.LACTANCIA_MESES.above_4,29,418,11,170,0.992,1,1.337,0.00000959,0.0000196,0.084,0.821,1,,,,-0.008,0.158,0.232,-0.226,0.0023,0.0157,6.08%,6.49%,0.004
VACCINATION.VACCINATED_COVID,VACUNACION.VACUNADO_COVID,65,915,10,132,0.998,1,0.33,0.222,0.255,-0.382,0.293,1,-0.106,0.602,0.762,0.037,0.00000000107,0.00000000786,0.397,0.00000135,0.000037,7.04%,6.63%,-0.004
HEARING_HEALTH.WORK_LOUD.above_1,SALUD_AUDITIVA.TRABAJA_RUIDOSO.above_1,13,178,62,870,1,1,-2.243,7.07E-17,6.38E-16,0.002,0.995,1,1.107,1.64E-11,1.4E-10,0.005,0.356,0.45,0.02,0.75,0.894,6.65%,6.81%,0.002
VACCINATION.VAC_HUMAN_PAPILLOMA,VACUNACION.VAC_PAPILOMA_HUM,12,168,59,851,1,1,0.127,0.632,0.668,0.309,0.372,1,-1.917,5.67E-10,0.00000000436,-0.032,0.0000000473,0.000000279,0.059,0.402,0.652,6.48%,6.67%,0.002
REPRODUCTIVE_HEALTH.CESAREAN_SECTIONS.above_1,SALUD_REPRODUCTIVA.CESAREAS.above_1,16,221,37,509,1,1,-0.933,0.00021,0.000357,0.023,0.942,1,,,,0.002,0.743,0.807,0.128,0.0436,0.15,6.78%,6.75%,0
CLINICAL_METABOLIC_TEST.HDL.above_38,METABOLICOS.HDL.above_38,54,751,20,284,1,1,0.215,0.317,0.356,-0.192,0.494,1,-0.951,8.27E-11,6.85E-10,0.023,0.000000209,0.00000112,-0.013,0.81,0.921,6.58%,6.71%,0.001
INBODY.WHR_Waist_Hip_Ratio.above_0.97,INBODY.WHR_Waist_Hip_Ratio.above_0·97,35,473,39,542,1,1,-0.366,0.0683,0.085,-0.049,0.842,1,-0.862,7.97E-10,0.00000000599,0.01,0.0128,0.0267,0.045,0.35,0.611,6.71%,6.89%,0.002
VACCINATION.VAC_MEASLES_RUBELLA,VACUNACION.VAC_SARAMP_RUBEOLA,55,741,19,255,1,1,1.048,0.00000397,0.00000839,-0.03,0.915,1,-0.409,0.00666,0.0238,0.003,0.504,0.596,0.028,0.614,0.808,6.93%,6.91%,0
PERC_PHYSICAL.SKIN_COLOR.above_C,PERC_FISICA.COLOR_PIEL.above_C,16,219,59,826,1,1,-0.983,0.0000239,0.0000461,0.1,0.735,1,0.497,0.0015,0.00609,-0.011,0.0225,0.0437,-0.239,0.000098,0.00137,6.67%,6.81%,0.001
CLINICAL_METABOLIC_TEST.HDL.above_45,METABOLICOS.HDL.above_45,34,483,40,552,1,1,-0.884,0.0000118,0.0000238,-0.228,0.365,1,-0.988,3.85E-12,3.43E-11,0.022,0.0000000782,0.000000444,-0.024,0.627,0.812,6.76%,6.58%,-0.002
CLINICAL_METABOLIC_TEST.HDL.above_54,METABOLICOS.HDL.above_54,18,246,56,789,1,1,-1.761,1.51E-13,8.35E-13,-0.113,0.692,1,-0.637,0.000163,0.000764,0.016,0.000593,0.00158,-0.049,0.382,0.637,6.63%,6.82%,0.002
MEDICAL_RECORD.COVID,HISTORIA_MEDICA.COVID,24,333,50,711,1,1,-0.5,0.0169,0.0224,0.122,0.646,1,-0.157,0.284,0.461,-0.006,0.147,0.218,0.367,1.07E-11,5.6E-10,6.57%,6.72%,0.002
PAINS.BACK_PAIN_3M,DOLORES.DOLOR_ESPALDA_3M,10,142,65,904,1,1,-2.121,1.61E-13,8.83E-13,-0.072,0.838,1,-0.258,0.194,0.356,0.007,0.208,0.291,0.039,0.567,0.774,6.71%,6.58%,-0.001
VISUAL_HEALTH.DIFFICULTY_SEEING.above_1,SALUD_VISUAL.DIFICULTAD_VER.above_1,10,141,65,907,1,1,-3.203,2.85E-23,5.36E-22,-0.242,0.499,1,-0.412,0.0434,0.114,0.029,0.00000103,0.00000487,-0.08,0.244,0.501,6.69%,6.62%,-0.001
VISUAL_HEALTH.DIFFICULTY_SEEING_GLASSES.above_1,SALUD_VISUAL.DIFICULTAD_VER_ANTEOJOS.above_1,0,11,42,538,1,1,-3.653,0.00116,0.00178,-19.258,0.999,1,0.75,0.228,0.392,-0.01,0.646,0.723,-0.125,0.605,0.804,7.24%,0.00%,-0.072
HEARING_HEALTH.DENTAL_BLEEDING_GUMS.above_1,SALUD_DENTAL.DENTAL_SANGRADO_ENCIAS.above_1,4,66,71,982,1,1,-0.701,0.0509,0.0641,0.223,0.681,1,-0.171,0.559,0.732,-0.045,0.000000154,0.000000832,-0.219,0.046,0.156,6.74%,5.71%,-0.01
MEDICAL_RECORD.ACNE_PLACES.O,HISTORIA_MEDICA.ACNE_LUGARES.O,0,8,75,1035,1,1,-4.414,0.0000679,0.000124,-8.561,0.939,1,-0.321,0.7,0.828,-0.018,0.433,0.526,0.657,0.00643,0.0334,6.76%,0.00%,-0.068
MEDICAL_RECORD.ACNE_PLACES.X,HISTORIA_MEDICA.ACNE_LUGARES.X,0,9,75,1034,1,1,-3.273,0.00138,0.00209,-18.425,0.999,1,1.115,0.104,0.228,-0.053,0.0288,0.0547,0.462,0.0535,0.174,6.76%,0.00%,-0.068
VISUAL_HEALTH.MACULAR_DEGENERATION.3,SALUD_VISUAL.DEGENERACION_MACULAR.3,0,6,75,1042,1,1,-6.374,0.000024,0.0000462,16.038,0.282,1,2.475,0.0247,0.0705,-0.005,0.848,0.9,-0.004,0.991,1,6.71%,0.00%,-0.067
MEDICAL_RECORD.PRE_DIABETES_AGE.above_59,HISTORIA_MEDICA.PRE_DIABETES_EDAD.above_59,1,15,5,54,1,1,-32.628,0.00377,0.00542,0.204,0.946,1,0.806,0.474,0.655,0.47,0.00373,0.00857,-0.106,0.723,0.878,8.47%,6.25%,-0.022
REPRODUCTIVE_HEALTH.ABORTIONS.above_1,SALUD_REPRODUCTIVA.ABORTOS.above_1,3,50,50,680,1,1,-3.306,7.83E-12,3.34E-11,-0.394,0.525,1,,,,0.014,0.134,0.201,-0.28,0.019,0.0761,6.85%,5.66%,-0.012
VACCINATION.YEARS_VAC_SEASONAL_INFLUENZA.above_3,VACUNACION.ANIOS_VAC_INFLUE_EST.above_3,27,357,31,410,1,1,-1.178,0.000000491,0.00000121,-0.15,0.59,1,-0.215,0.185,0.348,0.022,0.00000156,0.00000725,0.195,0.000726,0.00661,7.03%,7.03%,0
MEDICAL_RECORD.PREGNANCY_HIGH_PRESSURE,HISTORIA_MEDICA.EMBARAZADA_PRESION_ALTA,2,30,17,177,1,1,3.096,0.000933,0.00145,1.001,0.242,1,,,,-0.096,0.000000562,0.0000028,0.208,0.243,0.501,8.76%,6.25%,-0.025
MEDICAL_RECORD.HEPATITIS_JAUNDICE,HISTORIA_MEDICA.HEPATITIS_ICTERICIA,1,16,74,1031,1,1,-4.335,0.000000106,0.00000028,-0.125,0.905,1,-1.23,0.105,0.23,0.007,0.659,0.734,0.257,0.16,0.383,6.70%,5.88%,-0.008
MEDICAL_RECORD.CHOLECYSTITIS_CHOLELITHIASIS,HISTORIA_MEDICA.COLECISTITIS_COLELITIASIS,1,14,72,1030,1,1,-4.023,0.00000116,0.00000264,0.019,0.986,1,-1.054,0.169,0.329,-0.001,0.95,0.969,-0.047,0.824,0.927,6.53%,6.67%,0.001
MEDICAL_RECORD.ABDOMINAL_DISTENSION,HISTORIA_MEDICA.DISTENCION_ABDOMINAL,8,114,67,929,1,1,-1.157,0.0001,0.000179,0.086,0.828,1,-1.104,0.0000703,0.000341,-0.015,0.0157,0.0316,-0.016,0.841,0.938,6.73%,6.56%,-0.002
MEDICAL_RECORD.COLON_POLYPS,HISTORIA_MEDICA.POLIPOS_COLON,0,6,75,1039,1,1,-8.272,0.0000104,0.0000212,-15.533,0.996,1,-0.144,0.87,0.94,0.057,0.0581,0.0999,-0.024,0.935,0.974,6.73%,0.00%,-0.067
MEDICAL_RECORD.PAPULES,HISTORIA_MEDICA.PAPULAS,8,111,66,937,1,1,-2.548,5.41E-15,3.74E-14,-0.042,0.915,1,-0.482,0.0372,0.101,0.011,0.084,0.135,0.115,0.123,0.317,6.58%,6.72%,0.001
HEARING_HEALTH.AUDITORY_PROSTHESIS,SALUD_AUDITIVA.PROTESIS_AUDITIVA,0,4,75,1043,1,1,-8.25,0.000115,0.000204,-22.316,1,1,-0.479,0.682,0.82,0.05,0.152,0.224,0.351,0.289,0.552,6.71%,0.00%,-0.067
REPRODUCTIVE_HEALTH.PREGNANCY_COMPLICATIONS_ANOTHER_DIS,SALUD_REPRODUCTIVA.EMBARAZO_COMPL_OTRA_ENF,1,13,52,653,1,1,-2.209,0.00758,0.0105,0.265,0.803,1,,,,-0.039,0.0441,0.0797,0.047,0.842,0.938,7.38%,7.14%,-0.002
FRACTURES.FRACTURE_5Y_ANKLE,FRACTURAS.FRACTURA_5Y_TOBILLO,1,25,5,69,1,1,-2.609,0.00513,0.00725,-0.326,0.774,1,0.17,0.722,0.841,0.027,0.084,0.135,0.422,0.036,0.129,6.76%,3.85%,-0.029
PAINS.FACIAL_PAIN_3M,DOLORES.DOLOR_FACIAL_3M,1,13,74,1035,1,1,-4.716,0.000000142,0.00000037,0.049,0.963,1,-0.112,0.852,0.925,0.007,0.69,0.763,0.168,0.403,0.652,6.67%,7.14%,0.005
DISEASE_FAMILY_MEMBERS.MOTHER_DIABETES,ENFERMEDAD_FAMILIARES.MADRE_DIABETES,23,322,50,699,1,1,-1.047,0.000000722,0.00000172,-0.045,0.865,1,-0.172,0.235,0.401,0.007,0.114,0.175,0.06,0.242,0.501,6.68%,6.67%,0
MEDICAL_RECORD.SMOKE_FREQUENCY.above_2,HISTORIA_MEDICA.HUMO_FRECUENCIA.above_2,3,36,7,98,1,1,-1.467,0.0216,0.0282,0.341,0.655,1,-0.557,0.213,0.374,0.012,0.363,0.457,-0.546,0.0027,0.0174,6.67%,7.69%,0.01
MEDICAL_RECORD.SMOKE_FREQUENCY.above_11,HISTORIA_MEDICA.HUMO_FRECUENCIA.above_11,1,22,9,112,1,1,-2.238,0.00436,0.00621,-0.318,0.777,1,-0.176,0.741,0.855,0.009,0.581,0.667,-0.757,0.00156,0.0116,7.44%,4.35%,-0.031
HEARING_HEALTH.DRY_MOUTH.above_1,SALUD_DENTAL.BOCA_SECA.above_1,5,69,70,979,1,1,-3.027,6.16E-14,3.66E-13,-0.1,0.837,1,-0.392,0.166,0.325,0.009,0.225,0.309,-0.234,0.0176,0.072,6.67%,6.76%,0.001
HEARING_HEALTH.MOUTH_ULCERS.above_1,SALUD_DENTAL.FUEGOS_BOCA.above_1,2,27,73,1021,1,1,-2.763,0.00000168,0.00000376,0.231,0.758,1,-0.709,0.155,0.308,-0.017,0.159,0.234,0.257,0.0787,0.232,6.67%,6.90%,0.002
PERC_PHYSICAL.HAIR_COLOR.above_B,PERC_FISICA.COLOR_PELO.above_B,74,1040,0,4,1,1,11.484,0.000157,0.000274,17.652,0.999,1,-0.454,0.655,0.8,-0.096,0.0293,0.0554,-0.288,0.371,0.632,0.00%,6.64%,0.066
MEDICAL_RECORD.CANCER_TYPE.1,HISTORIA_MEDICA.TIPO_CANCER.1,1,8,3,25,1,1,-1.697,0.358,0.397,-0.245,0.843,1,-31.468,1,1,0.014,0.662,0.736,-0.034,0.894,0.959,10.71%,11.11%,0.004
PERC_PHYSICAL.LEFT_RIGHT.D,PERC_FISICA.ZURDO_DERECHO.D,67,926,8,122,1,1,2.402,7.8E-15,5.17E-14,0.154,0.692,1,0.049,0.81,0.903,-0.008,0.183,0.261,-0.045,0.534,0.75,6.15%,6.75%,0.006
VISUAL_HEALTH.GLAUCOMA.0,SALUD_VISUAL.GLAUCOMA.0,74,1026,1,22,1,1,9.335,8.74E-14,5.02E-13,0.962,0.359,1,-0.374,0.391,0.57,-0.091,0.000000956,0.00000457,-0.119,0.413,0.66,4.35%,6.73%,0.024
VISUAL_HEALTH.GLAUCOMA.3,SALUD_VISUAL.GLAUCOMA.3,1,14,74,1034,1,1,-10.757,1.49E-10,5.41E-10,-0.527,0.622,1,0.292,0.586,0.753,0.106,0.0000129,0.00005,0.229,0.186,0.422,6.68%,6.67%,0
REPRODUCTIVE_HEALTH.OOPHORECTOMY.0,SALUD_REPRODUCTIVA.OOFORECTOMIA.0,50,684,3,46,1,1,5.038,5.5E-17,5.09E-16,0.447,0.474,1,,,,-0.045,0.0000122,0.000048,0.035,0.76,0.897,6.12%,6.81%,0.007
REPRODUCTIVE_HEALTH.OOPHORECTOMY.2,SALUD_REPRODUCTIVA.OOFORECTOMIA.2,1,22,52,708,1,1,-6.991,1.5E-12,7.19E-12,-0.926,0.375,1,,,,0.065,0.0000476,0.000157,-0.078,0.623,0.812,6.84%,4.35%,-0.025
MEDICAL_RECORD.TYPE1_DIABETES_AGE.above_57,HISTORIA_MEDICA.DIABETES_TIPO1_EDAD.above_57,1,9,5,38,1,1,-15.59,0.00113,0.00173,-1.244,0.571,1,0.561,0.586,0.753,0.215,0.00151,0.00372,0.074,0.865,0.951,11.63%,10.00%,-0.016
MEDICAL_RECORD.KIDNEY_STONES_AGE.above_25.5,HISTORIA_MEDICA.CALCULOS_RENALES_EDAD.above_25·5,2,42,1,16,1,1,-4.505,0.0101,0.0138,-1.96,0.218,1,1.762,0.175,0.337,0.105,0.00371,0.00854,0.041,0.893,0.959,5.88%,4.55%,-0.013
MEDICAL_RECORD.KIDNEY_STONES_AGE.above_39,HISTORIA_MEDICA.CALCULOS_RENALES_EDAD.above_39,1,29,2,29,1,1,-5.006,0.00411,0.00589,-1.472,0.29,1,0.896,0.219,0.382,0.088,0.00693,0.0152,0.204,0.346,0.608,6.45%,3.33%,-0.031
MEDICAL_RECORD.KIDNEY_STONES_AGE.above_49,HISTORIA_MEDICA.CALCULOS_RENALES_EDAD.above_49,0,13,3,45,1,1,-9.576,0.000948,0.00147,-13.114,0.984,1,-0.58,0.526,0.705,0.147,0.00292,0.00682,-0.215,0.436,0.674,6.25%,0.00%,-0.063
REPRODUCTIVE_HEALTH.ABORTIONS.above_2,SALUD_REPRODUCTIVA.ABORTOS.above_2,1,14,52,716,1,1,-5.809,0.0000000116,0.0000000351,-0.329,0.755,1,,,,0.036,0.042,0.0763,-0.186,0.367,0.628,6.77%,6.67%,-0.001
VACCINATION.DOSE_VACCINES_COVID.above_3,VACUNACION.DOSIS_VACUNAS_COVID.above_3,4,61,61,854,1,1,-5.968,1.9E-22,3.26E-21,-0.424,0.439,1,0.498,0.0637,0.155,0.057,0.0000000096,0.0000000619,0.046,0.627,0.812,6.67%,6.15%,-0.005
CLINICAL_METABOLIC_TEST.HEART_RATE.above_84,METABOLICOS.LATIDOS_POR_MIN.above_84,4,83,12,221,1,1,-0.7,0.0759,0.094,-0.071,0.905,1,-0.014,0.962,1,-0.006,0.469,0.561,-0.01,0.928,0.972,5.15%,4.60%,-0.006
MEDICAL_RECORD.INSULIN_SUGAR_CONTROL,HISTORIA_MEDICA.INSULINA_CONTROL_AZUCAR,8,77,20,182,1,1,-1.785,0.00539,0.0076,-0.072,0.87,1,0.253,0.374,0.556,0.015,0.181,0.258,0.056,0.584,0.789,9.90%,9.41%,-0.005
MEDICAL_RECORD.AMPUTEE_BODY_DIABETES,HISTORIA_MEDICA.AMPUTADO_CUERPO_DIABETES,0,7,28,252,1,1,-4.659,0.0168,0.0223,-24.966,1,1,1.789,0.0381,0.103,0.003,0.929,0.955,-0.061,0.835,0.933,10.00%,0.00%,-0.1
MEDICAL_RECORD.LOSS_VISION_DIABETES,HISTORIA_MEDICA.VISTA_PERDIDA_DIABETES,0,8,28,251,1,1,-1.407,0.314,0.353,-30.918,1,1,1.057,0.154,0.305,-0.046,0.0846,0.136,-0.318,0.298,0.56,10.04%,0.00%,-0.1
MEDICAL_RECORD.MEDICATION_INFARCTION,HISTORIA_MEDICA.MEDICAMENTO_INFARTO,1,10,3,18,1,1,2.212,0.26,0.296,-0.268,0.841,1,0.449,0.631,0.781,-0.053,0.148,0.218,0.271,0.417,0.663,14.29%,9.09%,-0.052
MEDICAL_RECORD.HEART_FAILURE,HISTORIA_MEDICA.INSUFICIENCIA_CARDIACA,2,27,73,1021,1,1,-6.011,1.42E-13,7.93E-13,-0.332,0.66,1,-0.617,0.171,0.331,0.046,0.00089,0.00229,-0.309,0.0401,0.141,6.67%,6.90%,0.002
MEDICAL_RECORD.PALPITATIONS,HISTORIA_MEDICA.PALPITACIONES,4,63,71,985,1,1,-3.163,4.57E-14,2.74E-13,-0.182,0.734,1,0.092,0.734,0.851,0.008,0.331,0.424,0.039,0.686,0.856,6.72%,5.97%,-0.008
MEDICAL_RECORD.COL_HYPER_TREAT_OTHERS,HISTORIA_MEDICA.COL_HIPER_TRAT_OTROS,0,10,24,291,1,1,-6.034,0.000587,0.000938,-42.731,1,1,-0.066,0.926,0.977,0.045,0.104,0.161,-0.043,0.852,0.942,7.62%,0.00%,-0.076
MEDICAL_RECORD.METABOLIC_SYNDROME,HISTORIA_MEDICA.SINDROME_METABOLICO,0,9,75,1039,1,1,-5.651,0.00000135,0.00000302,-30.016,1,1,0.053,0.942,0.986,0.018,0.411,0.504,-0.006,0.98,0.997,6.73%,0.00%,-0.067
MEDICAL_RECORD.WEIGHT_LOW_CONSUMPTION_SODA,HISTORIA_MEDICA.PESO_BAJA_CONSUMO_REFRE,8,197,4,94,1,1,0.267,0.539,0.578,-0.198,0.755,1,-0.389,0.181,0.344,0.012,0.158,0.232,-0.009,0.93,0.973,4.08%,3.90%,-0.002
MEDICAL_RECORD.WEIGHT_DRINK_MORE_WATER,HISTORIA_MEDICA.PESO_TOMAR_MAS_AGUA,8,200,4,91,1,1,-0.085,0.847,0.872,-0.26,0.681,1,-0.191,0.523,0.703,0.02,0.0311,0.0585,0.077,0.449,0.683,4.21%,3.85%,-0.004
MEDICAL_RECORD.EPILEPSY,HISTORIA_MEDICA.EPILEPSIA,0,8,75,1032,1,1,-5.007,0.00000987,0.0000201,-21.005,1,1,0.349,0.637,0.786,-0.001,0.961,0.976,0.252,0.321,0.584,6.78%,0.00%,-0.068
MEDICAL_RECORD.BIPOLAR_DISEASE_PSYCHOSIS,HISTORIA_MEDICA.ENF_BIPOLAR_PSICOSIS,0,10,75,1033,1,1,-3.142,0.000741,0.00116,-15.044,0.995,1,0.084,0.905,0.966,-0.038,0.0835,0.135,0.278,0.251,0.508,6.77%,0.00%,-0.068
MEDICAL_RECORD.EMPHYSEMA,HISTORIA_MEDICA.ENFISEMA,2,27,73,1019,1,1,-4.679,9.09E-12,3.82E-11,-0.154,0.837,1,-0.877,0.0799,0.185,0.025,0.0464,0.0828,0.009,0.949,0.979,6.68%,6.90%,0.002
MEDICAL_RECORD.WHEEZING,HISTORIA_MEDICA.SIBILANCIAS,5,80,70,965,1,1,-2.782,8.74E-14,5.02E-13,-0.184,0.701,1,-0.192,0.452,0.636,0.007,0.347,0.441,0.114,0.186,0.422,6.76%,5.88%,-0.009
MEDICAL_RECORD.PEPTIC_ULCER,HISTORIA_MEDICA.ULCERA_PEPTICA,0,9,75,1037,1,1,-5.506,0.00000284,0.00000608,-19.282,0.999,1,-1.347,0.207,0.369,0.02,0.349,0.443,0.072,0.776,0.908,6.74%,0.00%,-0.067
MEDICAL_RECORD.HEPATITIS_C,HISTORIA_MEDICA.HEPATITIS_C,0,10,74,1032,1,1,-5.909,0.000000352,0.00000088,-31.57,1,1,-0.139,0.843,0.921,0.026,0.216,0.299,0.039,0.87,0.953,6.69%,0.00%,-0.067
MEDICAL_RECORD.DIARRHEA,HISTORIA_MEDICA.DIARREA,4,55,71,991,1,1,-3.202,2.77E-13,1.44E-12,-0.006,0.992,1,0.472,0.0875,0.197,0.003,0.72,0.789,-0.019,0.852,0.942,6.69%,6.78%,0.001
MEDICAL_RECORD.TUBERCULOSIS,HISTORIA_MEDICA.TUBERCULOSIS,0,10,75,1036,1,1,-5.403,0.000000413,0.00000102,-18.928,0.999,1,0.819,0.201,0.365,0.007,0.709,0.779,0.251,0.257,0.513,6.75%,0.00%,-0.068
MEDICAL_RECORD.ARTHRITIS_LUPUS,HISTORIA_MEDICA.ARTRITIS_LUPUS,2,32,73,1013,1,1,-6.96,1.76E-16,1.43E-15,-0.578,0.442,1,-0.887,0.044,0.116,0.067,0.000000721,0.00000356,-0.033,0.797,0.917,6.72%,5.88%,-0.008
MEDICAL_RECORD.RHEUMATIC_FEVER,HISTORIA_MEDICA.FIEBRE_REUMATICA,0,9,75,1038,1,1,-6.267,0.000000908,0.0000021,-15.304,0.995,1,-1.413,0.187,0.348,0.034,0.125,0.189,0.159,0.51,0.735,6.74%,0.00%,-0.067
MEDICAL_RECORD.EXP_IRRITANTS_ALLERGENS,HISTORIA_MEDICA.EXP_IRRITANTES_ALERGENOS,5,79,70,964,1,1,-2.503,7.96E-12,3.37E-11,-0.014,0.977,1,1.397,0.00000000328,0.0000000235,-0.014,0.0528,0.092,0.2,0.0215,0.0846,6.77%,5.95%,-0.008
MEDICAL_RECORD.HEMATURIA,HISTORIA_MEDICA.HEMATURIA,1,17,74,1028,1,1,-4.056,0.0000000979,0.00000026,-0.163,0.876,1,-0.117,0.826,0.912,-0.001,0.937,0.96,0.174,0.331,0.596,6.72%,5.56%,-0.012
MEDICAL_RECORD.POLYURIA,HISTORIA_MEDICA.POLIURIA,5,70,70,977,1,1,-3.349,3.17E-16,2.48E-15,-0.11,0.819,1,0.151,0.553,0.731,0.013,0.0804,0.131,-0.049,0.597,0.797,6.69%,6.67%,0
MENTAL_HEALTH.CRANIOENCEPHALIC_TRAUMA,SALUD_MENTAL.TRAUMA_CRANEOENCEF,5,77,70,969,1,1,-2.773,8.76E-14,5.02E-13,-0.1,0.835,1,0.7,0.00284,0.0109,0,0.967,0.981,-0.049,0.587,0.79,6.74%,6.10%,-0.006
HEARING_HEALTH.DEAF,SALUD_AUDITIVA.SORDO,0,12,75,1033,1,1,-5.715,0.0000000791,0.000000214,-19.298,0.999,1,-0.031,0.961,1,0.024,0.218,0.301,-0.27,0.243,0.501,6.77%,0.00%,-0.068
HEARING_HEALTH.MENTAL_RETARDATION,SALUD_AUDITIVA.RETRASO_MENTAL,1,13,74,1033,1,1,-4.906,0.0000000549,0.000000151,0.02,0.985,1,0.522,0.342,0.525,0.007,0.683,0.756,-0.03,0.885,0.959,6.68%,7.14%,0.005
REPRODUCTIVE_HEALTH.PREGNANCY_HIGH_SUGAR,SALUD_REPRODUCTIVA.EMBARAZO_AZUCAR_ALTA,3,45,50,622,1,1,-0.815,0.0856,0.105,0.177,0.779,1,,,,-0.043,0.000118,0.000359,0.235,0.0685,0.208,7.44%,6.25%,-0.012
REPRODUCTIVE_HEALTH.PREGNANCY_PREECLAMPSIA_ECLAMPSIA,SALUD_REPRODUCTIVA.EMBARAZO_PREECLAMSIA_ECLAMPSIA,5,67,48,599,1,1,-0.53,0.178,0.209,0.215,0.667,1,,,,-0.038,0.0000273,0.0000965,0.044,0.685,0.856,7.42%,6.94%,-0.005
REPRODUCTIVE_HEALTH.PREGNANCY_OBSTRUCTED_LABOR,SALUD_REPRODUCTIVA.EMBARAZO_PARTO_OBSTRUIDO,2,28,51,636,1,1,-3.83,0.00000000731,0.0000000226,-0.279,0.711,1,,,,0.014,0.274,0.365,-0.265,0.0888,0.253,7.42%,6.67%,-0.008
REPRODUCTIVE_HEALTH.PREGNANCY_BAD_BABY_POSITION,SALUD_REPRODUCTIVA.EMBARAZO_MALA_POSIC_BEBE,5,65,47,601,1,1,-2.338,0.000000049,0.000000136,0.001,0.999,1,,,,0.002,0.809,0.868,0.099,0.329,0.596,7.25%,7.14%,-0.001
REPRODUCTIVE_HEALTH.COMPLICATIONS_PREGNANCY,SALUD_REPRODUCTIVA.COMPLICACIONES_EMBARAZO,0,12,53,652,1,1,-2.443,0.0067,0.00937,-11.045,0.97,1,,,,-0.036,0.0842,0.135,0.177,0.468,0.698,7.52%,0.00%,-0.075
REPRODUCTIVE_HEALTH.FIBROIDS,SALUD_REPRODUCTIVA.MIOMAS_UTERINOS,4,63,49,647,1,1,-2.971,1.38E-11,5.58E-11,-0.258,0.634,1,,,,0.013,0.118,0.18,0.05,0.621,0.812,7.04%,5.97%,-0.011
REPRODUCTIVE_HEALTH.ABNORMAL_UTERINE_BLEEDING,SALUD_REPRODUCTIVA.SANGRADO_UTERINO_ANORMAL,2,30,51,679,1,1,-4.097,1.88E-10,6.79E-10,-0.223,0.766,1,,,,0.019,0.102,0.159,0.107,0.44,0.675,6.99%,6.25%,-0.007
REPRODUCTIVE_HEALTH.SEX_TRANS_DIS,SALUD_REPRODUCTIVA.ENF_TRANS_SEX,1,24,74,1023,1,1,-4.171,2.98E-10,0.00000000105,-0.491,0.636,1,1.466,0.00057,0.00247,-0.005,0.664,0.736,-0.043,0.782,0.909,6.75%,4.00%,-0.027
REPRODUCTIVE_HEALTH.HUMAN_PAPILLOMA,SALUD_REPRODUCTIVA.PAPILOMA_HUMANO,0,6,1,19,1,1,0.795,0.675,0.71,-25.493,1,1,-2.226,0.115,0.244,-0.033,0.524,0.614,0.842,0.152,0.37,5.00%,0.00%,-0.05
FRACTURES.FRACTURES_5_YEARS,FRACTURAS.FRACTURAS_5_ANIOS,6,91,69,957,1,1,-3.077,2.15E-17,2.14E-16,-0.182,0.681,1,0.329,0.14,0.282,0.012,0.0679,0.114,-0.002,0.982,0.998,6.73%,6.19%,-0.005
FRACTURES.FRACTURE_5Y_ARM,FRACTURAS.FRACTURA_5Y_BRAZO,1,25,5,70,1,1,-0.531,0.514,0.554,-0.652,0.562,1,-0.071,0.88,0.947,-0.009,0.541,0.632,-0.156,0.434,0.672,6.67%,3.85%,-0.028
FRACTURES.FRACTURE_5Y_LEG,FRACTURAS.FRACTURA_5Y_PIERNA,1,22,5,71,1,1,-4.263,0.000211,0.000358,-0.172,0.882,1,0.975,0.0569,0.142,0.048,0.00957,0.0204,0.055,0.799,0.918,6.58%,4.35%,-0.022
DISEASE_FAMILY_MEMBERS.MOTHER_TRIGLYCERIDES,ENFERMEDAD_FAMILIARES.MADRE_TRIGLICERIDOS,8,116,63,881,1,1,-0.831,0.00476,0.00675,0.192,0.629,1,-0.563,0.0196,0.0585,-0.024,0.000129,0.000388,0.172,0.0266,0.101,6.67%,6.45%,-0.002
DISEASE_FAMILY_MEMBERS.MOTHER_OTHER_DISEASE,ENFERMEDAD_FAMILIARES.MADRE_OTRA_ENFERMEDAD,6,92,62,873,1,1,-2.78,4.92E-15,3.42E-14,-0.186,0.678,1,-0.596,0.0234,0.0676,0.014,0.0433,0.0784,0.103,0.205,0.449,6.63%,6.12%,-0.005
